modelo,feature,FN_0a1,FN_0a2,TP_0,dif_TP_menos_FN1,dif_TP_menos_FN2,max_abs_dif
CatBoost(bal),petroMag_color_r_z,-0.27865708760952845,0.09972674504140269,-2.5138712660308213,-2.235214178421293,-2.613598011072224,2.613598011072224
CatBoost(bal),petroMag_color_i_z,-0.147567050335489,0.058521663407458034,-2.453589492055294,-2.3060224417198047,-2.512111155462752,2.512111155462752
CatBoost(bal),petro_minus_model_z,0.030701215177351002,-0.10706875123056238,2.1375338409128233,2.106832625735472,2.244602592143386,2.244602592143386
CatBoost(bal),petroMag_z,-0.09175798820957305,0.3298735235492396,1.9911313383445122,2.0828893265540853,1.6612578147952726,2.0828893265540853
CatBoost(bal),modelMagErr_z,0.003848497697290571,-0.028132776051782885,2.0546437473808896,2.050795249683599,2.0827765234326727,2.0827765234326727
CatBoost(bal),psfMagErr_i,-0.023109442874719627,0.3617498548774327,2.0160622774031833,2.039171720277903,1.6543124225257506,2.039171720277903
CatBoost(bal),cModelMag_color_r_z,-0.3702333510898067,0.05849670038832832,-1.8926854626278606,-1.5224521115380538,-1.951182163016189,1.951182163016189
CatBoost(bal),petroMagErr_g,-0.10894610393208673,0.2259024234811512,1.8392581044641665,1.9482042083962532,1.6133556809830152,1.9482042083962532
CatBoost(bal),dered_color_r_z,-0.35283467605741237,0.08755244319488639,-1.8272236211904767,-1.4743889451330643,-1.914776064385363,1.914776064385363
CatBoost(bal),fiberMagErr_i,-0.03289462819871116,0.43881274841988294,1.86095394622511,1.8938485744238212,1.422141197805227,1.8938485744238212
CatBoost(bal),modelMag_color_r_z,-0.3396833290035036,0.08232998132928449,-1.8110104131179272,-1.4713270841144235,-1.8933403944472116,1.8933403944472116
CatBoost(bal),psfMagErr_g,-0.07487215862945423,0.048700668212134195,1.7515677640210572,1.8264399226505115,1.702867095808923,1.8264399226505115
CatBoost(bal),fiber_minus_model_z,0.8699767443496929,-0.37732819351198366,-0.9437983554836604,-1.8137750998333533,-0.5664701619716768,1.8137750998333533
CatBoost(bal),fiberMagErr_g,-0.12569888760290224,0.03128790282521565,1.677015836142196,1.8027147237450982,1.6457279333169805,1.8027147237450982
CatBoost(bal),cModelMagErr_g,-0.1133132175825729,0.04448221536714937,1.6376006713909572,1.75091388897353,1.5931184560238079,1.75091388897353
CatBoost(bal),cModelMag_color_i_z,-0.15837987768027917,0.027004269811186626,-1.6917080337983645,-1.5333281561180854,-1.718712303609551,1.718712303609551
CatBoost(bal),modelMagErr_g,-0.12749382006796117,0.05145862046091674,1.580972571086771,1.7084663911547322,1.5295139506258544,1.7084663911547322
CatBoost(bal),psfMagErr_z,0.04794823291442294,0.10849413935248181,1.7529357919674593,1.7049875590530363,1.6444416526149774,1.7049875590530363
CatBoost(bal),cModelMagErr_i,-0.04132072207950447,-0.04046871183961043,1.6005687872338674,1.6418895093133719,1.641037499073478,1.6418895093133719
CatBoost(bal),psfMag_color_r_z,-0.4577540970464762,0.0708053033429742,-1.5529736274296602,-1.095219530383184,-1.6237789307726345,1.6237789307726345
CatBoost(bal),modelMagErr_r,-0.040606940354081564,0.20666133618103824,1.566204210243637,1.6068111505977187,1.3595428740625988,1.6068111505977187
CatBoost(bal),cModelMagErr_r,-0.042728688432920776,0.09075512605507356,1.545047210691651,1.5877758991245718,1.4542920846365774,1.5877758991245718
CatBoost(bal),psfMag_color_r_i,-0.3735124663263996,0.18536963925337688,-1.380571898376714,-1.0070594320503143,-1.5659415376300907,1.5659415376300907
CatBoost(bal),fiberMag_color_r_i,-0.5454704534595588,0.20408062336618024,-1.3604354805162613,-0.8149650270567025,-1.5645161038824416,1.5645161038824416
CatBoost(bal),dered_color_r_i,-0.32494765443083856,0.14141126240807078,-1.4121336503884683,-1.0871859959576298,-1.553544912796539,1.553544912796539
CatBoost(bal),modelMag_color_r_i,-0.3140114431394699,0.13696280176681308,-1.4032688854765119,-1.089257442337042,-1.5402316872433248,1.5402316872433248
CatBoost(bal),petroMagErr_z,-0.029779195257784972,0.01707276289670388,1.4187896189771698,1.4485688142349549,1.401716856080466,1.4485688142349549
CatBoost(bal),cModelMag_z,-0.16132008775286624,0.4471833506119646,1.2767852076552908,1.438105295408157,0.8296018570433261,1.438105295408157
CatBoost(bal),dered_z,-0.12500357771979503,0.424436731152951,1.3094837093922436,1.4344872871120387,0.8850469782392926,1.4344872871120387
CatBoost(bal),fiber_minus_model_u,0.898194499724845,-0.38117046824307194,-0.5336782543598467,-1.4318727540846918,-0.1525077861167748,1.4318727540846918
CatBoost(bal),modelMag_z,-0.11735370953807849,0.4204382565177278,1.3133967459047389,1.4307504554428174,0.8929584893870111,1.4307504554428174
CatBoost(bal),psf_minus_model_z,1.0987482278180967,-0.4177505318195407,-0.32830165567732694,-1.4270498834954237,0.08944887614221375,1.4270498834954237
CatBoost(bal),fiber_minus_model_g,1.0215013686187147,-0.5058128541074747,-0.4006897446830084,-1.422191113301723,0.10512310942446629,1.422191113301723
CatBoost(bal),modelMagErr_i,-0.0307280456819312,-0.030576438694515883,1.3904124146316301,1.4211404603135613,1.420988853326146,1.4211404603135613
CatBoost(bal),petroMag_color_r_i,-0.4845894265459633,0.15742492666716698,-1.226394138827756,-0.7418047122817926,-1.383819065494923,1.383819065494923
CatBoost(bal),psf_minus_cmodel_z,1.1576035880331985,-0.44017387600099434,-0.21427131258513346,-1.371874900618332,0.22590256341586087,1.371874900618332
CatBoost(bal),petroMagErr_i,-0.07745712415310176,0.6237984439601768,1.2599258845515175,1.3373830087046192,0.6361274405913407,1.3373830087046192
CatBoost(bal),petro_minus_model_i,-0.08260322129244925,-0.03313131247625182,-1.3650827884993268,-1.2824795672068776,-1.331951476023075,1.331951476023075
CatBoost(bal),fiberMagErr_r,-0.06303331032440176,0.5946304311878191,1.228482213878728,1.2915155242031298,0.6338517826909088,1.2915155242031298
CatBoost(bal),zErr,-0.03434551643874496,-0.030435357625925613,1.234574251863713,1.268919768302458,1.2650096094896386,1.268919768302458
CatBoost(bal),psfMagErr_r,-0.0603429329538049,0.5651482655401392,1.2055111236515033,1.2658540566053083,0.6403628581113641,1.2658540566053083
CatBoost(bal),psf_minus_model_u,1.0410895499015174,-0.3742918225634701,-0.21470206461470998,-1.2557916145162273,0.15958975794876012,1.2557916145162273
CatBoost(bal),petroMag_color_g_r,-0.7070495205110964,0.2290416691065602,0.5466487090113291,1.2536982295224255,0.3176070399047689,1.2536982295224255
CatBoost(bal),dered_color_g_r,-0.8621118014422198,0.1358827430627173,0.354172213480952,1.2162840149231717,0.2182894704182347,1.2162840149231717
CatBoost(bal),fiberMag_color_r_z,-0.6229597748590973,0.06201743962213801,-1.149118749393933,-0.5261589745348357,-1.211136189016071,1.211136189016071
CatBoost(bal),modelMag_color_g_r,-0.8426029604922622,0.12952766643150634,0.36402258651564523,1.2066255470079075,0.23449492008413889,1.2066255470079075
CatBoost(bal),fiber_minus_model_i,0.9274592115801903,-0.42065033742120617,-0.2790836996376347,-1.206542911217825,0.14156663778357148,1.206542911217825
CatBoost(bal),dered_color_i_z,-0.1857217055906305,-0.00042572239357541414,-1.168926930093957,-0.9832052245033266,-1.1685012077003816,1.1685012077003816
CatBoost(bal),cModelMagErr_z,-0.03117158014752616,-0.041095838617575695,1.1161588708570944,1.1473304510046205,1.1572547094746701,1.1572547094746701
CatBoost(bal),modelMag_color_i_z,-0.17888002488959223,-0.0030462527410121767,-1.1602332350135236,-0.9813532101239314,-1.1571869822725114,1.1571869822725114
CatBoost(bal),cModelMag_color_r_i,-0.45234176253004826,0.06865225978741199,-1.0574888380092489,-0.6051470754792005,-1.1261410977966608,1.1261410977966608
CatBoost(bal),cModelMag_color_g_r,-0.8224243614969965,0.15786754302575348,0.2998418818658122,1.1222662433628088,0.1419743388400587,1.1222662433628088
CatBoost(bal),psf_minus_model_g,1.1781134202929668,-0.4299278045007802,0.09323672523491344,-1.0848766950580533,0.5231645297356937,1.0848766950580533
CatBoost(bal),psfMag_z,0.6393584056287384,0.18562888354097185,1.2672207098550523,0.627862304226314,1.0815918263140805,1.0815918263140805
CatBoost(bal),dered_i,-0.20131189599397975,0.431108698150079,0.8629947080572492,1.064306604051229,0.4318860099071702,1.064306604051229
CatBoost(bal),modelMag_i,-0.19035657664957883,0.4250268797453674,0.8685328664759132,1.058889443125492,0.4435059867305458,1.058889443125492
CatBoost(bal),psf_minus_cmodel_g,1.1700699402310835,-0.43060599266806293,0.11587441554946025,-1.0541955246816233,0.5464804082175232,1.0541955246816233
CatBoost(bal),petroMag_g,-0.55945019288396,0.4467681999763622,0.4722284764609565,1.0316786693449165,0.025460276484594313,1.0316786693449165
CatBoost(bal),dered_g,-0.5497340631084359,0.42457279660117203,0.4689235633552553,1.0186576264636913,0.04435076675408328,1.0186576264636913
CatBoost(bal),cModelMag_g,-0.5543591835685798,0.42426438818373924,0.4622722763307408,1.0166314598993207,0.03800788814700157,1.0166314598993207
CatBoost(bal),petroMagErr_r,-0.09034115700465731,0.6807484083909624,0.9207618655621844,1.0111030225668418,0.24001345717122202,1.0111030225668418
CatBoost(bal),modelMag_g,-0.529801174053224,0.41478319318188794,0.4796542755083446,1.0094554495615686,0.06487108232645666,1.0094554495615686
CatBoost(bal),cModelMagErr_u,-0.3694232002578758,0.2547523697405875,0.6314194577639654,1.000842658021841,0.37666708802337784,1.000842658021841
CatBoost(bal),petro_minus_model_r,-0.2935620651315426,-0.07247414872576126,-1.0382869376968054,-0.7447248725652628,-0.9658127889710441,0.9658127889710441
CatBoost(bal),psfMag_i,0.5810941474696775,0.1559043756055892,1.104256384618423,0.5231622371487455,0.9483520090128338,0.9483520090128338
CatBoost(bal),modelMagErr_u,-0.3844475555043959,0.1966307386194767,0.5588884943111302,0.9433360498155261,0.3622577556916535,0.9433360498155261
CatBoost(bal),cModelMag_i,-0.21793844041087646,0.4628581026236238,0.7150655316403774,0.933003972051254,0.25220742901675364,0.933003972051254
CatBoost(bal),dered_u,-0.7193732401931991,0.2748867816621143,0.20733831511858547,0.9267115553117846,-0.0675484665435288,0.9267115553117846
CatBoost(bal),psf_minus_model_i,1.1025142666562207,-0.4466365336241286,0.17661493115719573,-0.9258993354990249,0.6232514647813243,0.9258993354990249
CatBoost(bal),modelMag_u,-0.6995118237600493,0.266915961328242,0.22003242625878933,0.9195442500188387,-0.0468835350694527,0.9195442500188387
CatBoost(bal),cModelMag_u,-0.6519799237802522,0.2164013107131237,0.2656349630430932,0.9176148868233454,0.049233652329969485,0.9176148868233454
CatBoost(bal),psf_minus_cmodel_i,1.1087816973621138,-0.47466511288713503,0.43453555125225535,-0.6742461461098586,0.9092006641393904,0.9092006641393904
CatBoost(bal),fiber_minus_model_r,1.0242138713720845,-0.47361841087184525,0.1195583287622603,-0.9046555426098242,0.5931767396341056,0.9046555426098242
CatBoost(bal),psf_minus_cmodel_r,1.1392288327232347,-0.4315805105543708,0.2516770433723975,-0.8875517893508372,0.6832575539267682,0.8875517893508372
CatBoost(bal),fiberMagErr_z,0.024904327076867697,0.1510229657770144,0.9095535127415237,0.884649185664656,0.7585305469645094,0.884649185664656
CatBoost(bal),psfMag_color_g_r,-0.7432910493186456,0.1414747830794477,0.12458197814332647,0.8678730274619721,-0.01689280493612122,0.8678730274619721
CatBoost(bal),petroMag_color_g_i,-0.8311523386456563,0.26941335123337,0.034382519911262406,0.8655348585569187,-0.23503083132210761,0.8655348585569187
CatBoost(bal),petroMag_i,-0.2146180070208966,0.43528720178800223,0.627656362244288,0.8422743692651846,0.19236916045628577,0.8422743692651846
CatBoost(bal),psf_minus_model_r,1.1061298754987714,-0.4383390986892393,0.26589403717184545,-0.8402358383269259,0.7042331358610847,0.8402358383269259
CatBoost(bal),psf_minus_cmodel_u,0.6213588962099126,-0.17144621651703038,-0.20269684804968618,-0.8240557442595988,-0.03125063153265581,0.8240557442595988
CatBoost(bal),cModelMag_r,-0.3226472035137894,0.473096390767383,0.4541682050696641,0.7768154085834535,-0.018928185697718924,0.7768154085834535
CatBoost(bal),psfMag_color_g_i,-0.7985740818332933,0.2076304716555967,-0.5687325335887926,0.22984154824450065,-0.7763630052443893,0.7763630052443893
CatBoost(bal),dered_color_u_r,-0.8324445581271592,-0.011680867448848617,-0.07568396863137014,0.7567605894957891,-0.06400310118252152,0.7567605894957891
CatBoost(bal),fiberMag_color_g_i,-0.838378527066451,0.09938507754963788,-0.6560725512303922,0.1823059758360588,-0.7554576287800301,0.7554576287800301
CatBoost(bal),modelMag_color_u_r,-0.8189246649673362,-0.015959478158567582,-0.06534402192030885,0.7535806430470273,-0.04938454376174126,0.7535806430470273
CatBoost(bal),dered_r,-0.3051778915465835,0.48132719950081704,0.4370081546408693,0.7421860461874528,-0.044319044859947754,0.7421860461874528
CatBoost(bal),modelMag_r,-0.289714599329858,0.47292288334937027,0.4474343373105761,0.737148936640434,-0.02548854603879419,0.737148936640434
CatBoost(bal),cModelMag_color_g_i,-0.9195186260869317,0.16858761997915106,-0.1972295398961075,0.7222890861908242,-0.36581715987525854,0.7222890861908242
CatBoost(bal),dered_color_g_i,-0.9297178417171751,0.19857397927161424,-0.5097674284892542,0.4199504132279209,-0.7083414077608684,0.7083414077608684
CatBoost(bal),z,-0.549281701067071,0.2489550479740036,0.15133879843498593,0.7006204995020568,-0.09761624953901768,0.7006204995020568
CatBoost(bal),fiberMag_z,0.49109459836590713,0.24604454772209491,0.9405929485637415,0.4494983501978344,0.6945484008416466,0.6945484008416466
CatBoost(bal),modelMag_color_g_i,-0.90501799312103,0.18984113412452744,-0.48905496715995184,0.4159630259610782,-0.6788961012844793,0.6788961012844793
CatBoost(bal),fiberMag_color_u_g,-0.8009544881687519,-0.15551335041000786,-0.8283305974513325,-0.027376109282580607,-0.6728172470413247,0.6728172470413247
CatBoost(bal),score,-0.03100734847071843,0.013377467546062758,-0.6506835732087262,-0.6196762247380078,-0.6640610407547889,0.6640610407547889
CatBoost(bal),fiberMag_i,0.4220694398283677,0.22879776761327783,0.8795501643333278,0.4574807245049601,0.6507523967200499,0.6507523967200499
CatBoost(bal),psfMag_color_u_g,-0.7775163816989858,-0.16222150900767413,-0.8038583569588985,-0.026341975259912664,-0.6416368479512244,0.6416368479512244
CatBoost(bal),petroMag_r,-0.33157019885631156,0.466523380343942,0.31003340372574684,0.6416036025820584,-0.15648997661819514,0.6416036025820584
CatBoost(bal),petroMag_u,-0.5649808196988026,0.3260429556388591,0.06867207147965727,0.6336528911784599,-0.25737088415920184,0.6336528911784599
CatBoost(bal),cModelMag_color_u_r,-0.6423336254095532,-0.11726596084012401,-0.02967193484766584,0.6126616905618874,0.08759402599245818,0.6126616905618874
CatBoost(bal),fiberMag_color_u_r,-0.9218072635064676,-0.07262105003209478,-0.673999955415445,0.24780730809102258,-0.6013789053833503,0.6013789053833503
CatBoost(bal),psfMag_color_i_z,-0.24300266274723312,-0.12422287973012668,-0.680605292894481,-0.4376026301472479,-0.5563824131643543,0.5563824131643543
CatBoost(bal),psfMag_g,0.07061158467330444,0.23771122995539207,0.6261823049847242,0.5555707203114197,0.3884710750293321,0.5555707203114197
CatBoost(bal),fiberMag_color_g_r,-0.8641340125713838,0.04964049461055659,-0.3226808824856194,0.5414531300857643,-0.37232137709617596,0.5414531300857643
CatBoost(bal),psfMag_r,0.48454895747783255,0.2194767196878175,0.7106288106387996,0.22607985316096701,0.49115209095098206,0.49115209095098206
CatBoost(bal),psfMag_u,-0.2988440641024771,0.12827016339915107,0.16393504451467394,0.46277910861715105,0.03566488111552288,0.46277910861715105
CatBoost(bal),petroMagErr_u,-0.11511148711605007,0.18554913561165817,0.3464460245550319,0.46155751167108194,0.1608968889433737,0.46155751167108194
CatBoost(bal),fiberMag_g,-0.08035944552726537,0.22615888393603642,0.3638513129224924,0.44421075844975777,0.13769242898645598,0.44421075844975777
CatBoost(bal),psfMagErr_u,-0.12159275426179078,0.029726647818946603,0.31476501631064707,0.43635777057243785,0.28503836849170044,0.43635777057243785
CatBoost(bal),psfMag_color_u_r,-0.8889298173839184,-0.03219007758484214,-0.4574644239452547,0.4314653934386637,-0.42527434636041256,0.4314653934386637
CatBoost(bal),petroMag_color_u_g,-0.270811535867809,0.03261650383902722,-0.3704912513901795,-0.09967971552237054,-0.4031077552292067,0.4031077552292067
CatBoost(bal),fiberMag_color_i_z,-0.5663210393518889,-0.15321516103423674,-0.5489093833851887,0.017411655966700246,-0.395694222350952,0.395694222350952
CatBoost(bal),petroMag_color_u_r,-0.5020859858349551,0.1153020654860904,-0.10996486646463645,0.3921211193703187,-0.22526693195072683,0.3921211193703187
CatBoost(bal),mRrCcErr_r,0.6093325715147597,-0.15365359398518272,0.23386391768663986,-0.3754686538281199,0.3875175116718226,0.3875175116718226
CatBoost(bal),fiberMag_u,-0.3995119539663835,0.12819368986961752,-0.032762038006931726,0.3667499159594518,-0.16095572787654924,0.3667499159594518
CatBoost(bal),petro_minus_model_u,0.06634581673171423,0.16085243162337295,-0.20464900373171926,-0.2709948204634335,-0.3655014353550922,0.3655014353550922
CatBoost(bal),fiberMag_r,0.31164138595972224,0.25920755047721905,0.6090180517662734,0.2973766658065512,0.3498105012890544,0.3498105012890544
CatBoost(bal),dered_color_u_g,-0.6628427556266722,-0.09655508791539714,-0.31531265644607775,0.3475300991805944,-0.21875756853068062,0.3475300991805944
CatBoost(bal),modelMag_color_u_g,-0.6550529836611962,-0.09938230283043589,-0.3082066500532189,0.34684633360797734,-0.208824347222783,0.34684633360797734
CatBoost(bal),mRrCc_r,0.34963379026750013,-0.18162663655267752,0.025998666613323094,-0.323635123654177,0.2076253031660006,0.323635123654177
CatBoost(bal),petro_minus_model_g,-0.23675904816043314,0.22502686278010284,0.059397830320029425,0.29615687848046257,-0.1656290324600734,0.29615687848046257
CatBoost(bal),calibStatus_i,0.010686836250748302,-0.1218638469285688,-0.274075847640059,-0.2847626838908073,-0.1522120007114902,0.2847626838908073
CatBoost(bal),mjd,-0.026478521240451684,0.06592188310923978,-0.20363647864480908,-0.17715795740435739,-0.26955836175404885,0.26955836175404885
CatBoost(bal),extinction_u,0.18633859379772724,-0.07599427911927865,0.17715862048577555,-0.009179973311951695,0.2531528996050542,0.2531528996050542
CatBoost(bal),extinction_i,0.18633861536042387,-0.07599425337992652,0.17715862529450666,-0.009179990065917215,0.25315287867443315,0.25315287867443315
CatBoost(bal),extinction_r,0.18633859363277985,-0.07599425085450238,0.17715861425678125,-0.009179979375998598,0.25315286511128365,0.25315286511128365
CatBoost(bal),extinction_g,0.18633859741220027,-0.07599417122798316,0.1771585754294297,-0.00918002198277057,0.25315274665741283,0.25315274665741283
CatBoost(bal),extinction_z,0.18633870354745719,-0.07599422113096893,0.17715850922647786,-0.009180194320979329,0.2531527303574468,0.2531527303574468
CatBoost(bal),fiberMagErr_u,-0.1396100108025253,0.012906118949649294,0.08082464720350421,0.22043465800602952,0.06791852825385492,0.22043465800602952
CatBoost(bal),calibStatus_u,0.06976896677476228,-0.010752829019273194,-0.13298552497821167,-0.20275449175297394,-0.12223269595893847,0.20275449175297394
CatBoost(bal),calibStatus_z,0.01430053554229533,-0.11675911475118213,-0.182304692259735,-0.19660522780203032,-0.06554557750855287,0.19660522780203032
CatBoost(bal),cy,0.11861942752331414,-0.1336159597464883,0.04437534362000562,-0.07424408390330853,0.1779913033664939,0.1779913033664939
CatBoost(bal),cx,-0.025462350139569895,0.0036009173209558334,0.15125850343403796,0.17672085357360787,0.14765758611308213,0.17672085357360787
CatBoost(bal),zWarning,-0.0474127826380027,-0.0474127826380027,0.12042007625758204,0.16783285889558475,0.16783285889558475,0.16783285889558475
CatBoost(bal),calibStatus_g,-0.04105244738674429,-0.11097597699907341,-0.19653358814302269,-0.1554811407562784,-0.08555761114394927,0.1554811407562784
CatBoost(bal),cModelMag_color_u_g,-0.33468189366970175,-0.21708795107503684,-0.1865506136848621,0.14813127998483966,0.03053733739017475,0.14813127998483966
CatBoost(bal),calibStatus_r,0.0042140134826962284,-0.12886614186756828,-0.12124329778446097,-0.1254573112671572,0.007622844083107316,0.1254573112671572
CatBoost(bal),cz,0.05683680175849163,-0.07217272237927178,-0.03591775894217992,-0.09275456070067155,0.03625496343709186,0.09275456070067155
