feature,mu0,mu1,mu2,sep_12,mu0_entre_mu1_mu2,t_rel,sd0,sd1,sd2
dered_u,-0.11549368284166361,-0.6429058206565706,0.2319453690425978,0.8748511896991684,True,0.602859256551124,1.0408968289885685,0.6264597214742401,0.9998882796291348
modelMag_u,-0.10764984667850207,-0.6381434889164658,0.22923627365609187,0.8673797625725577,True,0.6116048184760214,1.0337679599757272,0.6337515759394229,1.0011649849917565
cModelMag_g,0.06714483869523798,-0.63264681012529,0.20260697397887792,0.835253784104168,True,0.8378191899735878,1.2017654966483897,0.7498742085437529,0.9543085887393488
cModelMag_u,-0.09637216634142025,-0.6113879507463137,0.21866586822479878,0.8300538189711124,True,0.6204607130695186,1.0034664201907433,0.6862783218314752,1.0020581675194595
petroMag_g,0.07602854018369694,-0.6098569162591561,0.19370573136365543,0.8035626476228115,True,0.8535556729421356,1.2774459174872526,0.7249758002366432,0.9536638228274067
dered_g,0.07072201550165168,-0.6058640749446047,0.1931193966384994,0.7989834715831041,True,0.846808619339359,1.2314733763017955,0.7551729458683173,0.9553579613213236
modelMag_g,0.07741882802095018,-0.6005327746990703,0.19038217483999906,0.7909149495390694,True,0.8571738378635,1.2289811828843542,0.7592874097699212,0.9563249977953182
z,-0.07576671943791527,-0.5553822052627344,0.19696508960218687,0.7523472948649212,True,0.6374921384025589,1.5198495460055457,0.3878098045872254,0.979624038036982
petroMag_u,-0.0750770611545988,-0.5117582362968432,0.18224005540653668,0.6939982917033799,True,0.6292251441576823,1.1449508730644595,0.8463310129141662,0.9654605681630246
cModelMag_r,0.16967842499151967,-0.5150667358824756,0.1486425705260452,0.6637093064085209,False,1.0316943792445885,1.141454053064006,0.9361955077453024,0.9414822019929165
petroMag_r,0.12642243140253723,-0.4968566995885495,0.148670483592252,0.6455271831808015,True,0.9655350653397916,1.19758420012993,0.94603894500091,0.932599805802646
dered_r,0.1747589273728196,-0.48830420218360654,0.13894859212391356,0.6272527943075201,False,1.057090754435682,1.1513566157582877,0.9488892531590982,0.9416786957347284
modelMag_r,0.1802060145061848,-0.48515953771247217,0.1371217690814436,0.6222813067939158,False,1.0692359628263903,1.145856912158482,0.9514873461695216,0.9424128852726842
mRrCc_r,0.0716292713519786,0.4554306730501245,-0.16286436164278909,0.6182950346929136,True,0.6207415233227083,0.4776762629221371,1.914469890182959,0.35136215810224747
cModelMag_i,0.2731017635784296,-0.46963381666691295,0.11874314192002874,0.5883769585869417,False,1.2623464760229763,1.2130843308078125,0.9536120018246959,0.9317775832282413
mRrCcErr_r,0.23326021468416533,0.40742950547677914,-0.16959499724589436,0.5770245027226735,True,0.30184037241191847,0.8729974663919287,1.5567330707692317,0.6835351687620054
petroMag_i,0.2415480193544219,-0.44142518019105914,0.11375909312458021,0.5551842733156394,False,1.2301738942759817,1.2316928337385207,0.968586273553839,0.9296718987106297
dered_i,0.3062680414590116,-0.4352888604687625,0.10252413492813617,0.5378129953968986,False,1.3788378270415635,1.4012237196474249,0.9372127956146605,0.9059559557281897
modelMag_i,0.309599518352512,-0.4330742750428385,0.10130916790676711,0.5343834429496056,False,1.3897769535973206,1.3993388571647492,0.938442828709885,0.9062720959385027
cModelMag_z,0.4348191387343084,-0.4385446548572124,0.08538700049349217,0.5239316553507045,False,1.6669422140697276,1.4036179251315832,0.968069272688307,0.8881994527768577
fiberMag_u,-0.11155566100463404,-0.358424757351679,0.13599965048046458,0.4944244078321436,True,0.49930604645807997,1.0070821773742713,0.632026093979029,1.066913386591376
modelMagErr_u,0.07302779422901402,-0.36710794587933593,0.112736832302251,0.47984477818158694,True,0.9172460764839042,1.25420208910495,0.12686431606604132,1.0920752036556869
dered_z,0.44865310430476035,-0.39774009435473373,0.06974343191324772,0.46748352626798145,False,1.8105305344477647,1.553522838762913,0.9449966149732892,0.8680506377888285
modelMag_z,0.4510818323117385,-0.39665735145944553,0.06903598652787403,0.46569333798731954,False,1.8203807411869553,1.548789311450857,0.9465663987672993,0.868711535235651
cModelMagErr_u,0.11871751518346013,-0.342597886936454,0.09803964383598661,0.4406375307724406,False,1.046927167804397,1.4126630146982653,0.18477588285297156,1.0653196058993826
psfMag_u,-0.022598634657906857,-0.2779003339484275,0.09638529502725139,0.3742856289756789,True,0.6821039322006942,1.0045202072166806,0.6619157701060576,1.0743457790725277
petroMag_z,0.6040786631925854,-0.34059448861278374,0.028542684266784246,0.369137172879568,False,2.5591385024600903,1.9994964239202835,0.8454885732255712,0.7651033297319824
psfMag_z,0.6371231917101821,0.18742033340601827,-0.15318794990744639,0.34060828331346465,False,-1.3202933702299262,1.3478233784491627,1.011626134819895,0.8873747588966778
psfMag_i,0.562035980139029,0.18433543665648985,-0.14150605349242532,0.32584149014891517,False,-1.1591542357295366,1.3283630656012093,0.9784847415449135,0.9129198317489798
fiberMag_g,0.14699835941911626,-0.2357958896316268,0.05821835220405013,0.2940142418356769,False,1.3019581863135896,1.1364229383646827,0.6915590227002374,1.0541802115260923
psfMag_r,0.44655955183546964,0.1474752742727139,-0.11277194126456391,0.2602472155372778,False,-1.1492314219204967,1.1196516877923754,0.9629453202844389,0.9712234292703905
petroMagErr_u,0.11464426842276804,-0.18165989733328894,0.044654279063620114,0.22631417639690904,False,1.3092602967849427,1.128243525708215,0.2220079857496734,1.1258327395363077
modelMagErr_r,0.4677493057290163,-0.19605203489720155,-0.000591021312143084,0.19546101358505846,False,3.396080519849307,2.681087747480733,0.2996198052416003,0.6274071341541079
fiberMagErr_u,-0.02658700949145146,-0.13761877594571506,0.04991405472800098,0.18753283067371604,True,0.5920657521959191,0.31980786908655723,0.06359290500142872,1.2054585163179439
score,-0.17611127942026686,0.14715403246601433,-0.02436821646298126,0.1715222489289956,False,1.8846844295989966,1.6804261327231298,0.6542272684334915,0.9620844265718629
psfMagErr_u,0.047187002622187814,-0.12232802596917693,0.03432571586894107,0.156653741838118,False,1.0821000928693887,0.6715507236279875,0.07469260917944141,1.185768494192457
fiberMag_z,0.5185508260675873,0.05707288206851433,-0.09266827700449336,0.1497411590730077,False,-3.08183766478043,1.2519544147284247,1.016899826877278,0.9294871118131969
psfMag_g,0.2760750642835245,-0.13386717409748633,0.0057380241490529995,0.13960519824653933,False,2.9364396421475867,1.2052274338457953,0.7323951665397473,1.038013752108087
modelMagErr_g,0.38247100085805585,-0.1407928940946636,-0.007026926326269902,0.13376596776839372,False,3.9117864108658327,2.9803817735722613,0.04620437656473928,0.4486780599123325
fiberMagErr_g,0.4007922924805945,-0.13931470165109888,-0.010120565440675924,0.12919413621042297,False,4.180584428785548,2.1062444382533054,0.21376294244906088,0.8998124282992882
cModelMagErr_r,0.41921082991271535,-0.12826451567523126,-0.016437510507153894,0.11182700516807736,False,4.8957346641366675,3.040162883705992,0.16652325417980113,0.37269735016848177
cModelMagErr_g,0.39998338412293527,-0.12298551015085736,-0.015481084300675275,0.10750442585018208,False,4.864626643396067,3.0570528761891103,0.03470234036541848,0.36879786574886925
fiberMag_i,0.47050598509366304,0.02946051776791787,-0.07659691595614153,0.1060574337240594,False,-4.158553076753289,1.2875698334439567,0.9765557889826939,0.9425486491735302
calibStatus_u,-0.012382390993050796,0.06244359900768159,-0.019181665346249342,0.08162526435393093,True,0.916701349673839,1.0115139650058151,0.9761818996617034,1.006846674294822
petroMagErr_g,0.5202186297309516,-0.10677529262962403,-0.03796602219681933,0.0688092704328047,False,9.112055954333405,2.97416676828469,0.06907033171624695,0.43520938115901064
cx,0.031139107166385956,0.04501974313530035,-0.019510836011353724,0.06453057914665407,True,0.21510167973804878,1.0119888922967402,0.9820913692677693,1.0051051599910719
cz,-0.014345575927159676,-0.04517139619977388,0.017180328251633598,0.06235172445140748,True,0.4943860100715846,1.0271557008048615,1.034958985031436,0.985103494221397
petroMagErr_r,0.4538662223862934,-0.09459673740807639,-0.032640617366987944,0.06195612004108845,False,8.852442009451797,2.71046156351929,0.19033200876087125,0.6324059494434682
zWarning,-0.0037044553492734476,-0.043694160152439356,0.015176073955884765,0.05887023410832412,True,0.679285642547011,0.28200814666095997,0.05566943483986424,1.2102580332916903
fiberMagErr_r,0.5128154963154631,-0.09245588365960683,-0.04171758058427431,0.05073830307533252,False,11.929279130135813,2.586688784305439,0.2430357584353352,0.6897873069694582
petroMagErr_i,0.5262224848312563,-0.09274447515125177,-0.04352195374367277,0.049222521407579,False,12.574873092283386,2.645329938198336,0.19282154417000313,0.6617070728449789
psfMagErr_g,0.44559286734307896,-0.0806999378805815,-0.036127074395928487,0.04457286348465301,False,11.80747127464381,3.0742861035647033,0.08505606756264163,0.339845612833399
psfMagErr_r,0.4971014897579931,-0.08611900953367403,-0.0416140736375529,0.04450493589612113,False,13.10462508367523,2.556747420091083,0.25221238976247573,0.7060960993817882
fiberMagErr_z,0.3011118039567156,-0.0633867679316478,-0.021444515301862088,0.04194225262978571,False,8.690486300430873,1.0616064485480852,0.16929056550364854,1.1380519451031186
cModelMagErr_z,0.26386214213248954,-0.05743875617324834,-0.01815682126054894,0.0392819349126994,False,8.179355192655365,1.7636016445300868,0.04332241573033887,1.0142784447863764
calibStatus_z,-0.08463855565688755,-0.019813884537593394,0.018645573313286312,0.0384594578508797,False,-1.6855326294676667,1.0820877790553207,1.0359445389471527,0.9762051056778118
calibStatus_r,-0.07693747035378427,-0.01973236073476978,0.01752620833198852,0.0372585690667583,False,-1.5353544446786682,1.0974399720951051,1.0381831567798037,0.9731084976068991
calibStatus_i,-0.1117399706655044,-0.015189554423514034,0.020938059140363143,0.03612761356387718,False,-2.6724825339287834,1.133669444487632,1.0322418001850422,0.9688562704467625
modelMagErr_i,0.33924613884605487,-0.056062182156142164,-0.029307997015918734,0.02675418514022343,False,14.775569464377854,2.937836137679843,0.039649239614998784,0.4960906210240466
cModelMagErr_i,0.3863719687094576,-0.06095084224077827,-0.03435135569786004,0.02659948654291823,False,16.8169716444895,2.8686692536979974,0.03127259213399972,0.5453211311399417
psfMagErr_i,0.6479139447770217,-0.08716064180541253,-0.06265032940733456,0.024510312398077966,False,29.990420956041213,2.6226589836746625,0.2808564703018516,0.6470790828413352
fiberMag_r,0.3697816938631242,-0.021015786141108266,-0.04538915680476713,0.024373370663658862,False,-16.033788900068657,1.1548650101192748,0.9075682136000437,0.996683598514386
fiberMagErr_i,0.6319555374999525,-0.08342726662779462,-0.06163920542907845,0.021788061198716173,False,32.83370638640853,2.4377361786844243,0.3436430234861806,0.7350855520030478
modelMagErr_z,0.5259867304732695,-0.0693024754590935,-0.05134869157491825,0.017953783884175255,False,33.1567545745641,2.910346019317603,0.120076715009794,0.4889999687134276
extinction_u,0.08826161856175435,0.0037345699845294984,-0.013767891829270944,0.017502461813800444,False,-4.829437680051184,1.1003389352412882,1.0357065325875339,0.9735194442624864
extinction_g,0.08826164750464414,0.003734553563906101,-0.013767890427551558,0.01750244399145766,False,-4.82944518959711,1.1003389709150255,1.0357065311742357,0.9735194387671213
extinction_z,0.08826165186903273,0.0037345515453602106,-0.013767890369606977,0.017502441914967186,False,-4.829446127250924,1.1003389825710335,1.0357065106925927,0.9735194441477315
extinction_r,0.08826162717831998,0.0037345431499850646,-0.013767884053419908,0.017502427203404974,False,-4.829449255580435,1.1003389415852904,1.035706506028166,0.9735194527350811
extinction_i,0.08826163727481451,0.0037345377904136386,-0.01376788368804414,0.017502421478457778,False,-4.829451718348687,1.100338913255129,1.0357065253804731,0.973519450233978
mjd,-0.038906290814576173,-0.008273607013643028,0.008291156145191415,0.016564763158834442,False,-1.8492678408502266,0.9987761118964282,1.0841541139980597,0.9717814659453999
calibStatus_g,-0.1069817502697678,0.0029800526678783125,0.014171013397768781,0.011190960729890469,False,-9.82594842317192,1.0932469464575203,1.0127701376874847,0.9823978934025396
cy,0.007320549375861788,0.005378644459972146,-0.002841543622594435,0.00822018808256658,False,-0.2362360686135692,1.0172388517947117,1.0255128448867266,0.9903381599801231
petroMagErr_z,0.36435139741528394,-0.04293100434181535,-0.03727089537115979,0.00566010897065556,False,71.9566361475771,3.2016623623166343,0.025340845015473026,0.12721932744385922
zErr,0.29737911745495166,-0.03410181184874209,-0.03073454059972069,0.0033672712490214023,False,98.44200386292874,3.2274933231231326,0.0014996262858025012,0.005239472391266168
psfMagErr_z,0.5137723591351301,-0.05289211667762062,-0.055119107815587334,0.002226991137966712,False,-254.4529549992403,2.1030086244065056,0.19256015873293206,0.8957795036399177
