id_entrega,fecha,comuna_destino,tipo_vehiculo,distancia_km,peso_kg,n_paquetes,hora_salida,score_gps_ruta,costo_combustible_clp,horas_entrega
2024-01170,2024-01-01,San Pedro de la Paz,moto,14.58,13.31,5,10,0.7188,2660.0,0.435
2024-00072,2024-01-01,Tome,moto,31.39,60.29,7,17,0.7617,6585.0,1.449
2024-00247,2024-01-01,Hualqui,furgon,20.34,21.47,4,15,0.6789,2009.0,0.572
2024-00058,2024-01-02,Tome,moto,3.14,20.22,5,7,0.6829,2619.0,0.523
2024-00589,2024-01-02,Lota,moto,19.73,7.51,8,19,0.6312,3066.0,0.981
2024-01148,2024-01-02,Lota,furgon,33.81,2.77,3,13,0.1652,5742.0,1.478
2024-00294,2024-01-02,Concepcion,furgon,21.02,16.04,1,17,0.8569,4863.0,0.902
2024-01115,2024-01-03,Tome,furgon,20.61,16.2,7,6,0.8027,3277.0,0.993
2024-00917,2024-01-03,Penco,camion_ligero,16.12,28.33,3,10,0.6078,5570.0,1.111
2024-00314,2024-01-04,Hualqui,moto,26.02,15.81,1,16,0.5996,2661.0,0.688
2024-00528,2024-01-04,San Pedro de la Paz,furgon,16.67,6.32,8,12,0.7215,4914.0,1.128
2024-00961,2024-01-05,Penco,camion_ligero,23.17,5.23,6,9,0.1706,7309.0,1.719
2024-00684,2024-01-05,San Pedro de la Paz,furgon,6.86,2.24,4,7,0.6036,2848.0,0.461
2024-01191,2024-01-05,San Pedro de la Paz,moto,21.55,18.89,1,9,0.3579,1714.0,0.63
2024-00867,2024-01-06,Penco,furgon,17.27,4.65,8,16,0.325,4700.0,1.133
2024-00901,2024-01-06,Hualpen,moto,14.31,10.27,4,10,0.6387,1174.0,0.337
2024-00024,2024-01-06,Hualqui,furgon,12.97,27.54,7,9,0.6005,3691.0,0.864
2024-00111,2024-01-06,Concepcion,camion_ligero,26.71,32.34,1,13,0.5309,5736.0,1.32
2024-00576,2024-01-06,Hualpen,furgon,28.2,56.11,4,11,0.5498,4548.0,1.199
2024-00226,2024-01-06,Florida,camion_ligero,18.07,15.12,6,17,0.7585,6233.0,1.452
2024-00544,2024-01-07,Florida,furgon,15.16,24.29,3,7,0.7416,2489.0,0.682
2024-00802,2024-01-07,Talcahuano,furgon,11.38,18.56,6,6,0.6295,3889.0,0.813
2024-00584,2024-01-08,Concepcion,furgon,14.35,48.29,2,16,0.7257,1972.0,0.705
2024-00334,2024-01-08,Tome,furgon,30.77,22.69,8,16,0.6291,5525.0,1.636
2024-00009,2024-01-08,Florida,camion_ligero,23.6,12.66,1,15,0.4501,4675.0,0.958
2024-00090,2024-01-08,Hualpen,moto,13.01,56.93,4,6,0.567,3101.0,0.835
2024-01135,2024-01-09,Hualpen,furgon,19.53,38.44,3,18,0.4715,5776.0,1.089
2024-01169,2024-01-09,San Pedro de la Paz,furgon,18.94,33.44,2,17,0.8424,3562.0,0.89
2024-00296,2024-01-10,Santa Juana,camion_ligero,19.38,4.87,7,10,0.4161,4450.0,1.083
2024-01119,2024-01-10,Concepcion,furgon,22.68,12.15,7,17,0.5488,4863.0,1.381
2024-00269,2024-01-10,Lota,furgon,13.07,5.88,3,8,0.2667,2555.0,0.771
2024-00610,2024-01-10,Penco,moto,23.14,10.27,8,11,0.5759,5140.0,1.126
2024-00567,2024-01-10,Penco,furgon,21.05,4.79,2,8,0.5979,4405.0,1.151
2024-00185,2024-01-11,Coronel,moto,23.09,14.67,5,8,0.6398,3655.0,1.016
2024-00876,2024-01-12,Penco,moto,21.19,5.19,6,18,0.7031,3556.0,1.008
2024-00499,2024-01-12,Hualpen,moto,25.25,4.37,2,17,0.5847,3631.0,0.87
2024-00729,2024-01-12,Penco,furgon,20.15,18.25,1,11,0.6654,1521.0,0.432
2024-00763,2024-01-12,Florida,moto,12.35,63.98,8,16,0.2831,4781.0,1.15
2024-00711,2024-01-12,Santa Juana,moto,27.68,21.78,2,12,0.613,2791.0,0.895
2024-00927,2024-01-12,Penco,camion_ligero,22.72,4.54,6,10,0.536,6450.0,1.327
2024-00532,2024-01-12,Santa Juana,moto,15.38,32.58,5,8,0.5817,3085.0,0.742
2024-01075,2024-01-13,Tome,furgon,11.33,21.36,1,8,0.6174,3514.0,0.622
2024-00647,2024-01-13,Chiguayante,moto,19.98,38.91,2,9,0.6068,5389.0,1.195
2024-00392,2024-01-13,Penco,furgon,19.72,30.43,4,16,0.8332,3986.0,1.005
2024-00523,2024-01-14,San Pedro de la Paz,furgon,17.04,43.19,3,15,0.6951,5043.0,0.955
2024-01005,2024-01-14,Penco,moto,12.36,23.95,3,13,0.787,2743.0,0.622
2024-00152,2024-01-14,Lota,furgon,9.7,17.15,8,15,0.5579,4583.0,0.954
2024-00298,2024-01-14,Lota,furgon,15.27,23.32,7,18,0.7322,5052.0,1.193
2024-00686,2024-01-14,Hualqui,camion_ligero,13.16,9.35,1,15,0.7154,1176.0,0.548
2024-00121,2024-01-15,San Pedro de la Paz,furgon,18.09,17.15,4,18,0.6417,4794.0,1.039
2024-00239,2024-01-15,Florida,moto,15.22,44.5,6,19,0.4323,3343.0,0.777
2024-01009,2024-01-15,Penco,camion_ligero,19.73,14.83,3,12,0.705,4697.0,1.005
2024-00696,2024-01-16,Hualpen,furgon,15.87,12.7,4,18,0.5223,5590.0,1.166
2024-01001,2024-01-16,Florida,furgon,28.6,7.99,1,12,0.3587,5047.0,1.27
2024-00730,2024-01-16,Concepcion,furgon,18.56,19.21,4,9,0.4689,4722.0,1.133
2024-00859,2024-01-16,Talcahuano,moto,6.52,27.93,1,18,0.7454,2680.0,0.637
2024-00762,2024-01-16,Tome,furgon,21.38,29.34,1,18,0.7384,6372.0,1.296
2024-00157,2024-01-17,San Pedro de la Paz,camion_ligero,6.68,26.1,1,6,0.6539,1606.0,0.204
2024-01051,2024-01-17,Chiguayante,furgon,10.49,21.9,6,17,0.3952,4476.0,0.877
2024-00235,2024-01-17,Chiguayante,moto,23.08,15.88,6,7,0.7169,4831.0,1.105
2024-01156,2024-01-17,Hualqui,moto,20.0,18.55,4,14,0.6769,3133.0,0.685
2024-00060,2024-01-17,Florida,moto,19.28,4.43,8,8,0.3106,4600.0,1.147
2024-01066,2024-01-17,San Pedro de la Paz,furgon,25.06,15.84,1,16,0.835,4397.0,0.988
2024-01103,2024-01-18,Chiguayante,camion_ligero,15.78,13.37,7,19,0.7378,4874.0,1.111
2024-00232,2024-01-18,Lota,moto,19.55,9.98,8,9,0.5988,4952.0,1.184
2024-00825,2024-01-18,Hualpen,camion_ligero,27.59,10.77,2,17,0.6487,8015.0,1.79
2024-01153,2024-01-18,Concepcion,camion_ligero,24.46,51.36,7,19,0.365,8595.0,2.037
2024-01145,2024-01-19,Chiguayante,furgon,12.91,30.33,5,8,0.721,5728.0,1.175
2024-00263,2024-01-20,Hualqui,furgon,16.83,60.36,4,19,0.6693,6438.0,1.365
2024-00321,2024-01-20,Talcahuano,furgon,8.48,19.92,7,19,0.8532,3380.0,0.913
2024-00333,2024-01-21,Talcahuano,camion_ligero,20.99,26.4,3,12,0.3374,2907.0,0.818
2024-00477,2024-01-21,Hualpen,camion_ligero,11.9,22.64,6,8,0.2711,4624.0,1.043
2024-00873,2024-01-21,San Pedro de la Paz,moto,23.7,26.02,3,11,0.6432,3327.0,0.737
2024-00620,2024-01-21,San Pedro de la Paz,moto,15.87,17.7,8,19,0.6988,3871.0,0.815
2024-00390,2024-01-21,Penco,furgon,10.97,3.2,2,12,0.7475,595.0,0.201
2024-01006,2024-01-21,Concepcion,moto,15.81,20.47,2,16,0.454,2480.0,0.505
2024-01111,2024-01-22,Coronel,furgon,26.43,16.01,1,10,0.6769,3558.0,0.866
2024-00813,2024-01-23,Talcahuano,moto,6.64,27.47,2,9,0.789,2350.0,0.381
2024-00249,2024-01-24,Hualpen,moto,22.22,17.26,8,11,0.5683,5791.0,1.254
2024-00180,2024-01-24,San Pedro de la Paz,camion_ligero,6.1,23.15,6,19,0.7975,2648.0,0.591
2024-00557,2024-01-24,Coronel,furgon,13.5,12.06,3,8,0.7573,1056.0,0.563
2024-01026,2024-01-25,Tome,camion_ligero,16.98,16.14,5,16,0.6441,2979.0,0.715
2024-00642,2024-01-25,Penco,moto,8.01,24.14,7,19,0.264,5148.0,1.024
2024-00371,2024-01-25,Penco,camion_ligero,24.91,17.12,4,16,0.566,5455.0,1.5
2024-00563,2024-01-26,Talcahuano,moto,9.13,30.27,6,8,0.5597,1856.0,0.402
2024-00616,2024-01-26,Lota,moto,31.23,13.64,4,18,0.7278,5662.0,1.336
2024-00300,2024-01-26,Penco,moto,17.17,16.19,3,17,0.4762,3187.0,0.803
2024-00860,2024-01-27,Tome,camion_ligero,14.99,7.98,8,6,0.7074,4702.0,0.998
2024-00559,2024-01-27,Concepcion,furgon,15.61,4.12,5,13,0.6725,4576.0,0.86
2024-00062,2024-01-28,Lota,furgon,20.38,2.65,7,11,0.6247,5735.0,1.237
2024-00456,2024-01-28,San Pedro de la Paz,camion_ligero,24.72,10.92,3,6,0.3763,4872.0,1.135
2024-00467,2024-01-29,Lota,camion_ligero,23.54,29.79,2,12,0.5897,4951.0,1.183
2024-00363,2024-01-29,Hualqui,furgon,12.12,9.41,5,7,0.587,3587.0,0.641
2024-00999,2024-01-29,Chiguayante,furgon,10.55,7.95,2,10,0.3194,1038.0,0.402
2024-00564,2024-01-30,Concepcion,moto,14.82,21.23,3,18,0.6317,3829.0,0.938
2024-00872,2024-01-30,Florida,moto,25.93,22.64,1,16,0.3871,2259.0,0.804
2024-00949,2024-01-30,Hualqui,furgon,15.05,9.68,8,12,0.5895,2369.0,0.646
2024-00065,2024-01-30,Coronel,furgon,7.52,19.51,2,10,0.5241,872.0,0.15
2024-00775,2024-01-30,Concepcion,moto,16.13,14.72,3,15,0.4014,1920.0,0.446
2024-00750,2024-01-31,Chiguayante,moto,25.08,25.57,6,18,0.7817,4355.0,1.205
2024-00468,2024-01-31,San Pedro de la Paz,furgon,13.54,2.58,1,18,0.6421,2482.0,0.509
2024-00552,2024-01-31,Tome,moto,19.72,5.36,3,15,0.5045,3469.0,0.876
2024-00430,2024-02-01,Florida,camion_ligero,19.08,26.82,3,11,0.3276,4827.0,1.237
2024-00783,2024-02-01,Lota,furgon,12.67,26.7,7,16,0.4871,4595.0,0.946
2024-00798,2024-02-02,Hualqui,moto,14.15,21.62,8,10,0.5927,2403.0,0.648
2024-00440,2024-02-02,San Pedro de la Paz,furgon,15.86,24.67,2,19,0.5115,3668.0,1.013
2024-00715,2024-02-03,San Pedro de la Paz,moto,33.45,2.21,6,12,0.5533,5838.0,1.309
2024-00498,2024-02-03,San Pedro de la Paz,furgon,23.43,15.07,5,19,0.5295,5815.0,1.426
2024-00257,2024-02-03,Concepcion,furgon,19.54,6.98,4,15,0.6777,1585.0,0.676
2024-01086,2024-02-03,Hualpen,moto,18.78,11.32,6,7,0.4263,3648.0,0.891
2024-00164,2024-02-04,Santa Juana,furgon,16.97,56.97,3,8,0.7078,4803.0,1.147
2024-00500,2024-02-04,Penco,furgon,11.17,13.16,2,16,0.6662,2622.0,0.472
2024-00142,2024-02-04,Hualpen,furgon,30.59,37.63,1,8,0.4308,8252.0,1.649
2024-01057,2024-02-04,San Pedro de la Paz,furgon,11.94,12.43,4,10,0.5315,1342.0,0.371
2024-00369,2024-02-05,Santa Juana,furgon,35.97,14.19,2,6,0.7184,4700.0,1.125
2024-00029,2024-02-05,Hualqui,camion_ligero,24.32,24.96,3,17,0.8328,6252.0,1.642
2024-00829,2024-02-05,Talcahuano,moto,17.88,32.98,1,8,0.6217,4591.0,0.893
2024-01094,2024-02-05,San Pedro de la Paz,moto,27.03,20.04,6,18,0.7943,4353.0,1.21
2024-00602,2024-02-06,Chiguayante,furgon,14.9,10.03,6,9,0.4887,4563.0,1.089
2024-01100,2024-02-06,Penco,furgon,19.35,37.78,1,17,0.8906,2120.0,0.837
2024-00772,2024-02-06,Chiguayante,moto,13.05,36.36,5,7,0.6976,2490.0,0.443
2024-00529,2024-02-06,San Pedro de la Paz,furgon,25.02,17.4,5,7,0.5823,6986.0,1.524
2024-00023,2024-02-07,Florida,moto,12.34,8.93,6,8,0.4739,2479.0,0.573
2024-00182,2024-02-07,Penco,moto,17.61,16.44,3,15,0.621,3899.0,0.726
2024-01047,2024-02-07,Hualpen,furgon,12.2,21.15,8,7,0.6448,5847.0,1.084
2024-00441,2024-02-07,Penco,moto,17.61,15.11,1,17,0.4643,822.0,0.485
2024-00911,2024-02-08,Lota,furgon,6.95,17.18,4,7,0.6384,2892.0,0.775
2024-01162,2024-02-08,Concepcion,furgon,24.74,14.89,3,18,0.8892,4545.0,1.133
2024-00704,2024-02-08,Chiguayante,furgon,14.4,7.26,8,7,0.4192,4971.0,1.294
2024-00640,2024-02-09,Coronel,furgon,16.41,11.83,1,17,0.8831,2896.0,0.602
2024-00856,2024-02-09,Penco,furgon,29.13,22.8,7,18,0.7135,5961.0,1.454
2024-00870,2024-02-09,San Pedro de la Paz,moto,15.71,9.86,7,15,0.44,4513.0,1.004
2024-00161,2024-02-10,Penco,camion_ligero,27.94,5.63,1,6,0.4854,7310.0,1.611
2024-00920,2024-02-10,Santa Juana,moto,20.74,8.92,3,6,0.731,1338.0,0.324
2024-00735,2024-02-10,Concepcion,camion_ligero,2.79,7.07,1,15,0.6758,557.0,0.253
2024-00652,2024-02-11,Hualpen,moto,6.94,41.26,7,10,0.3344,3494.0,0.777
2024-00510,2024-02-11,Hualqui,furgon,17.47,34.46,7,6,0.742,3944.0,0.931
2024-01071,2024-02-11,Chiguayante,furgon,8.74,2.44,8,14,0.6077,2367.0,0.675
2024-01186,2024-02-11,Penco,furgon,21.7,18.63,7,10,0.5401,5179.0,1.187
2024-00828,2024-02-12,Concepcion,moto,13.04,10.23,6,18,1.0,2659.0,0.75
2024-00362,2024-02-12,Santa Juana,camion_ligero,7.1,17.45,3,17,0.3791,2929.0,0.678
2024-00304,2024-02-12,Santa Juana,furgon,20.59,14.79,1,7,0.5006,4182.0,1.034
2024-00744,2024-02-12,Talcahuano,furgon,11.71,75.6,8,19,0.6645,5922.0,1.264
2024-00706,2024-02-13,Santa Juana,furgon,22.11,21.08,6,13,0.5162,4454.0,1.068
2024-00505,2024-02-13,Penco,moto,2.0,14.23,7,9,0.8958,67.0,0.234
2024-00178,2024-02-13,Hualqui,furgon,20.7,39.41,6,13,0.333,4617.0,1.234
2024-00016,2024-02-13,Concepcion,camion_ligero,11.89,32.7,5,13,0.726,4631.0,1.015
2024-01184,2024-02-14,Chiguayante,moto,24.08,7.21,1,15,0.5201,2571.0,0.67
2024-00954,2024-02-14,Hualpen,camion_ligero,14.93,31.07,8,9,0.4274,6660.0,1.561
2024-00303,2024-02-14,Hualpen,furgon,21.68,22.69,4,19,0.6307,3942.0,1.05
2024-00734,2024-02-14,Concepcion,moto,17.18,3.19,2,11,0.3642,2058.0,0.545
2024-01107,2024-02-14,San Pedro de la Paz,furgon,23.84,64.78,5,18,0.7422,6836.0,1.451
2024-00833,2024-02-14,Florida,camion_ligero,23.95,22.91,1,19,0.6154,4700.0,1.437
2024-00782,2024-02-15,Chiguayante,furgon,17.27,1.03,5,15,0.6345,2904.0,0.725
2024-00271,2024-02-15,Hualpen,camion_ligero,17.38,27.81,3,14,0.3463,4615.0,1.089
2024-00970,2024-02-16,San Pedro de la Paz,furgon,9.68,33.44,7,11,0.8022,1955.0,0.455
2024-00490,2024-02-16,Concepcion,camion_ligero,24.03,7.78,4,11,0.5444,5667.0,1.065
2024-00791,2024-02-16,Hualpen,furgon,23.35,32.41,8,14,0.9952,4986.0,1.134
2024-01180,2024-02-17,Chiguayante,furgon,12.08,11.52,5,10,0.4956,3050.0,0.815
2024-00310,2024-02-17,Hualpen,furgon,19.88,28.18,5,18,0.5216,4615.0,1.285
2024-00183,2024-02-17,Florida,furgon,24.06,25.02,3,6,0.7935,3404.0,1.212
2024-00046,2024-02-17,Hualqui,furgon,19.73,15.17,1,15,0.5544,3532.0,0.816
2024-00799,2024-02-18,Florida,furgon,13.48,38.94,6,9,0.5652,4483.0,1.012
2024-00629,2024-02-19,Lota,moto,15.02,37.5,5,8,0.2653,4686.0,1.085
2024-00230,2024-02-19,Lota,furgon,33.87,14.73,8,15,0.5449,4672.0,1.336
2024-00645,2024-02-19,Talcahuano,camion_ligero,32.66,30.68,5,18,0.3989,8563.0,2.267
2024-00221,2024-02-19,Hualqui,furgon,15.88,9.01,6,16,0.7559,3850.0,0.761
2024-00588,2024-02-19,Hualpen,furgon,19.69,16.07,7,14,0.637,4963.0,1.227
2024-00578,2024-02-20,Concepcion,furgon,18.6,41.68,7,9,0.5254,3307.0,1.093
2024-00207,2024-02-20,Chiguayante,camion_ligero,17.53,8.2,5,16,0.9785,1437.0,0.698
2024-00389,2024-02-20,Hualpen,furgon,23.23,7.84,6,7,0.4123,6373.0,1.429
2024-00853,2024-02-20,Florida,moto,15.95,42.12,2,18,0.705,2576.0,0.68
2024-00400,2024-02-20,Lota,moto,12.74,14.64,1,14,0.4595,2194.0,0.532
2024-00963,2024-02-21,Chiguayante,furgon,15.98,2.93,1,17,0.3772,4562.0,0.887
2024-00281,2024-02-21,Concepcion,camion_ligero,29.91,12.49,4,7,0.5166,8824.0,2.202
2024-01002,2024-02-21,San Pedro de la Paz,furgon,8.13,25.57,6,16,0.7655,1558.0,0.481
2024-00422,2024-02-22,Talcahuano,furgon,15.42,5.29,3,13,0.5881,4671.0,1.04
2024-00601,2024-02-22,San Pedro de la Paz,moto,17.51,70.27,3,18,0.1283,6960.0,1.634
2024-00654,2024-02-22,Lota,moto,20.69,22.23,3,7,0.6889,4729.0,1.161
2024-00904,2024-02-22,Hualqui,camion_ligero,19.68,4.17,3,12,0.7678,6453.0,1.153
2024-01063,2024-02-23,Penco,furgon,13.13,10.29,6,13,0.645,4615.0,0.967
2024-00255,2024-02-23,Tome,furgon,29.89,0.68,6,11,0.5498,4645.0,1.12
2024-00091,2024-02-23,Penco,furgon,24.91,11.19,6,11,0.647,5023.0,1.145
2024-01144,2024-02-24,Florida,moto,23.59,12.76,2,8,0.7706,1742.0,0.606
2024-00495,2024-02-24,Coronel,moto,15.27,27.46,5,9,0.4171,4224.0,0.902
2024-00089,2024-02-24,Chiguayante,moto,12.88,10.54,7,8,0.6496,2696.0,0.631
2024-00506,2024-02-24,Penco,camion_ligero,31.82,11.18,1,14,0.4422,5306.0,1.511
2024-00993,2024-02-25,Chiguayante,moto,14.25,21.71,1,14,0.699,2336.0,0.548
2024-00375,2024-02-25,Penco,camion_ligero,19.48,11.39,4,19,0.904,5334.0,1.029
2024-00347,2024-02-25,Santa Juana,furgon,6.73,22.88,7,17,0.889,2598.0,0.58
2024-00353,2024-02-26,Coronel,moto,11.47,23.41,1,19,0.5348,3810.0,0.966
2024-00527,2024-02-26,Coronel,furgon,27.87,15.38,3,6,0.6971,4832.0,1.147
2024-01085,2024-02-26,San Pedro de la Paz,furgon,19.25,19.76,6,12,0.563,3538.0,0.8
2024-00117,2024-02-26,San Pedro de la Paz,moto,25.79,27.61,5,17,0.7281,5299.0,1.169
2024-00109,2024-02-27,Santa Juana,furgon,10.39,16.63,4,16,0.5553,884.0,0.517
2024-00531,2024-02-28,Penco,furgon,14.29,20.86,5,14,1.0,271.0,0.327
2024-00769,2024-02-28,Lota,furgon,22.21,16.01,2,16,0.6835,2558.0,0.733
2024-00755,2024-02-28,San Pedro de la Paz,furgon,17.91,14.67,5,19,0.8598,3687.0,1.039
2024-00918,2024-02-29,Hualpen,furgon,11.94,5.13,7,13,0.5432,1812.0,0.6
2024-00306,2024-02-29,Coronel,moto,32.37,23.39,5,7,0.5266,5688.0,1.386
2024-00238,2024-02-29,Chiguayante,furgon,16.62,7.78,1,19,0.7778,2862.0,0.552
2024-00605,2024-02-29,Santa Juana,moto,27.18,16.55,1,11,0.6913,3032.0,0.975
2024-00596,2024-02-29,Coronel,camion_ligero,25.92,19.97,5,13,0.5932,5520.0,1.277
2024-00100,2024-02-29,Florida,moto,10.2,3.59,5,12,0.7341,1607.0,0.584
2024-00926,2024-02-29,Hualqui,furgon,18.7,4.09,6,10,0.7685,2989.0,0.602
2024-00099,2024-03-01,Hualpen,camion_ligero,14.78,28.02,1,11,0.7103,2309.0,0.797
2024-00287,2024-03-01,Tome,moto,7.38,21.98,5,6,0.7423,2505.0,0.591
2024-00945,2024-03-01,Hualpen,furgon,10.71,52.38,5,8,0.4497,5640.0,1.076
2024-01069,2024-03-02,Hualpen,furgon,26.63,22.45,7,6,0.5312,5209.0,1.421
2024-01035,2024-03-02,Concepcion,furgon,21.29,11.42,4,9,0.4853,4740.0,1.139
2024-00384,2024-03-03,Santa Juana,furgon,20.07,92.84,7,14,0.5048,5477.0,1.461
2024-00192,2024-03-03,Talcahuano,moto,22.87,41.96,3,15,0.5184,3016.0,0.988
2024-01060,2024-03-03,San Pedro de la Paz,moto,18.12,16.08,3,6,0.4,3081.0,0.881
2024-00341,2024-03-04,Santa Juana,furgon,11.84,7.0,1,17,0.7166,1527.0,0.439
2024-00168,2024-03-04,Hualpen,furgon,15.41,7.2,1,6,0.4736,3609.0,0.59
2024-00087,2024-03-04,Penco,moto,15.37,10.53,5,12,0.4988,3511.0,0.72
2024-00335,2024-03-04,Hualqui,furgon,25.88,20.62,5,7,0.554,7387.0,1.629
2024-00746,2024-03-05,Tome,moto,20.78,27.07,6,16,0.656,3428.0,0.699
2024-00387,2024-03-05,Penco,moto,20.87,1.53,4,15,0.5053,2910.0,0.519
2024-01143,2024-03-05,Coronel,furgon,15.44,29.75,5,17,0.5873,5094.0,1.12
2024-00841,2024-03-06,Tome,furgon,25.77,22.12,7,11,0.5345,5638.0,1.386
2024-01175,2024-03-06,San Pedro de la Paz,furgon,15.42,13.71,1,9,0.631,3658.0,0.542
2024-00733,2024-03-06,Hualqui,moto,20.6,15.66,3,8,1.0,3451.0,0.651
2024-00661,2024-03-06,Penco,furgon,20.55,14.32,8,18,0.5023,4244.0,1.199
2024-01093,2024-03-06,Concepcion,furgon,18.81,10.94,1,18,0.952,4956.0,0.997
2024-01059,2024-03-06,Lota,camion_ligero,13.12,54.34,7,15,0.9628,4677.0,1.053
2024-00491,2024-03-06,Coronel,furgon,5.15,16.19,6,18,0.8967,3087.0,0.634
2024-00822,2024-03-07,Hualpen,furgon,20.43,6.39,2,17,0.7678,4059.0,1.008
2024-00657,2024-03-07,Hualqui,camion_ligero,21.09,21.7,3,8,0.7427,4529.0,1.032
2024-01188,2024-03-07,San Pedro de la Paz,moto,5.58,37.74,7,9,0.3024,2754.0,0.802
2024-00474,2024-03-08,Tome,camion_ligero,6.57,29.22,8,16,0.5753,3452.0,1.12
2024-00354,2024-03-08,Concepcion,moto,13.65,12.77,6,8,0.7961,1374.0,0.488
2024-01108,2024-03-08,San Pedro de la Paz,furgon,18.92,24.68,3,16,0.7937,3010.0,0.726
2024-01196,2024-03-08,Concepcion,furgon,27.23,9.31,2,19,0.7031,3399.0,1.023
2024-00536,2024-03-08,San Pedro de la Paz,moto,16.23,22.01,5,13,0.4642,4427.0,0.972
2024-00414,2024-03-09,Florida,moto,9.79,4.32,7,19,0.305,4561.0,0.974
2024-00943,2024-03-09,Coronel,furgon,19.22,7.57,1,13,0.4191,4338.0,1.033
2024-01036,2024-03-10,Tome,furgon,22.89,26.68,4,8,0.623,4943.0,1.093
2024-00433,2024-03-10,Hualpen,camion_ligero,13.6,30.27,6,8,0.5916,5906.0,1.342
2024-00186,2024-03-10,Florida,moto,24.81,48.27,5,11,0.4708,5198.0,1.056
2024-00632,2024-03-10,San Pedro de la Paz,moto,4.04,14.44,7,19,0.6025,2713.0,0.629
2024-00862,2024-03-11,San Pedro de la Paz,camion_ligero,20.48,14.69,6,12,0.6667,4162.0,1.076
2024-00806,2024-03-12,Chiguayante,furgon,19.31,13.75,8,15,0.6131,2428.0,0.673
2024-00323,2024-03-13,Penco,moto,11.51,4.24,5,19,0.5579,1777.0,0.748
2024-00139,2024-03-13,Lota,furgon,21.8,34.44,7,16,0.9,3936.0,0.881
2024-00173,2024-03-13,San Pedro de la Paz,furgon,26.85,21.14,5,16,0.7675,3705.0,0.984
2024-00785,2024-03-13,Hualpen,furgon,9.26,2.66,3,19,0.6125,3910.0,1.004
2024-00227,2024-03-14,Talcahuano,camion_ligero,15.39,22.39,7,15,0.6549,5607.0,1.296
2024-00881,2024-03-14,Hualqui,camion_ligero,16.22,6.75,6,14,0.5325,2617.0,0.66
2024-01131,2024-03-15,Coronel,moto,12.09,4.09,8,12,0.6125,3059.0,0.765
2024-00973,2024-03-15,Penco,furgon,20.4,19.55,2,17,0.5934,4096.0,1.197
2024-00754,2024-03-15,Lota,moto,13.26,38.51,7,12,0.8107,4207.0,0.833
2024-00530,2024-03-15,San Pedro de la Paz,furgon,11.54,8.21,4,14,0.4404,3077.0,0.616
2024-00753,2024-03-16,Santa Juana,furgon,28.23,22.65,1,8,0.4743,5687.0,1.449
2024-00452,2024-03-16,Chiguayante,moto,23.36,17.03,2,6,0.6945,2615.0,0.729
2024-00336,2024-03-16,Hualqui,moto,11.18,17.66,4,9,0.4909,2996.0,0.658
2024-00658,2024-03-17,Chiguayante,moto,24.03,43.88,8,13,0.5869,5717.0,1.485
2024-01095,2024-03-17,Concepcion,furgon,14.44,24.19,7,13,0.4685,3926.0,0.935
2024-00233,2024-03-17,Tome,moto,10.17,21.09,8,6,0.831,3419.0,0.927
2024-00292,2024-03-17,Chiguayante,furgon,13.42,15.77,6,19,0.4467,4909.0,1.233
2024-01048,2024-03-17,Coronel,moto,17.33,27.29,5,17,0.3744,5896.0,1.329
2024-00432,2024-03-17,Concepcion,moto,24.14,6.35,1,18,0.6031,4379.0,0.953
2024-00167,2024-03-18,Talcahuano,furgon,18.38,18.35,5,16,0.4982,3385.0,0.918
2024-00819,2024-03-18,Coronel,furgon,15.63,19.62,7,18,0.6374,3691.0,0.926
2024-01078,2024-03-18,Talcahuano,camion_ligero,7.83,60.56,4,15,0.3566,4342.0,0.871
2024-01082,2024-03-18,Tome,furgon,14.01,44.55,5,6,0.766,3947.0,0.711
2024-01110,2024-03-18,Penco,camion_ligero,26.09,13.95,6,8,0.6071,7291.0,1.825
2024-00464,2024-03-18,San Pedro de la Paz,moto,10.84,28.12,5,8,0.7344,3300.0,0.958
2024-00916,2024-03-19,Tome,camion_ligero,20.26,16.03,4,19,0.6568,5186.0,1.337
2024-00702,2024-03-19,Concepcion,moto,26.11,4.32,5,12,0.8112,2815.0,0.724
2024-01099,2024-03-19,Lota,furgon,15.76,9.11,5,8,0.5556,4126.0,0.994
2024-00638,2024-03-20,Chiguayante,moto,18.78,59.87,8,6,0.7457,4242.0,1.07
2024-01163,2024-03-20,Talcahuano,moto,18.43,36.33,1,12,0.4662,1384.0,0.706
2024-00663,2024-03-20,Santa Juana,camion_ligero,15.17,23.86,3,16,0.5963,2850.0,0.622
2024-00671,2024-03-21,Florida,furgon,22.6,2.86,5,12,0.6146,3218.0,0.94
2024-00863,2024-03-21,Tome,moto,19.4,36.45,3,10,0.6519,3003.0,0.69
2024-00662,2024-03-21,Concepcion,furgon,10.41,22.52,7,18,0.461,4580.0,1.087
2024-00950,2024-03-22,Santa Juana,furgon,19.7,12.71,7,16,0.6894,4190.0,1.203
2024-01106,2024-03-22,San Pedro de la Paz,moto,14.82,17.94,2,12,0.6598,1375.0,0.233
2024-00677,2024-03-22,Hualqui,furgon,11.67,1.84,3,16,1.0,2509.0,0.757
2024-00357,2024-03-23,Penco,camion_ligero,38.09,5.08,4,18,0.6609,9866.0,2.105
2024-00550,2024-03-24,San Pedro de la Paz,furgon,8.71,13.66,6,16,0.7806,1465.0,0.415
2024-01055,2024-03-24,Santa Juana,moto,21.79,11.08,4,8,0.7657,3957.0,0.867
2024-00800,2024-03-24,Lota,camion_ligero,21.88,2.76,2,10,0.8205,4451.0,1.024
2024-01194,2024-03-24,Tome,furgon,16.6,11.16,3,18,0.6807,3906.0,1.032
2024-00551,2024-03-25,Santa Juana,camion_ligero,9.77,22.74,5,18,0.9141,3326.0,0.595
2024-00725,2024-03-25,San Pedro de la Paz,moto,11.76,6.14,4,15,0.7345,2839.0,0.619
2024-01017,2024-03-25,Coronel,furgon,6.43,28.91,6,10,0.7673,3527.0,0.731
2024-01043,2024-03-26,Lota,camion_ligero,21.14,19.45,7,7,0.5551,7258.0,1.874
2024-00019,2024-03-26,Talcahuano,moto,28.55,7.96,2,19,0.8279,3247.0,0.895
2024-00032,2024-03-26,Hualpen,moto,12.14,14.06,8,16,0.4033,3426.0,0.619
2024-00409,2024-03-27,Florida,furgon,20.66,20.79,8,12,0.4848,4150.0,1.047
2024-00812,2024-03-27,Tome,furgon,22.58,16.99,7,16,0.6901,6020.0,1.064
2024-01068,2024-03-28,Hualqui,furgon,15.92,15.52,4,8,0.6664,4577.0,0.904
2024-00703,2024-03-28,Lota,camion_ligero,23.34,27.26,4,17,0.8939,6295.0,1.699
2024-00044,2024-03-28,Coronel,furgon,15.5,10.17,5,16,0.5524,3793.0,1.015
2024-00329,2024-03-28,Penco,moto,13.14,7.29,5,10,0.6814,3187.0,0.701
2024-00427,2024-03-28,Lota,camion_ligero,13.66,13.74,1,18,0.7776,3744.0,0.88
2024-00689,2024-03-29,Coronel,camion_ligero,23.76,13.03,2,9,0.5587,6126.0,1.372
2024-00127,2024-03-29,Penco,moto,18.78,20.06,7,15,0.7298,3165.0,0.845
2024-00570,2024-03-29,Talcahuano,camion_ligero,13.22,7.23,8,19,0.8241,5802.0,0.976
2024-00824,2024-03-29,Florida,furgon,19.29,62.38,8,14,0.9507,5263.0,1.084
2024-00482,2024-03-30,Coronel,moto,15.26,32.26,2,7,0.2638,4695.0,1.009
2024-00507,2024-03-30,Florida,furgon,24.64,13.66,3,10,0.4873,4073.0,1.093
2024-00107,2024-03-30,Penco,camion_ligero,11.34,12.49,3,11,0.5913,3271.0,0.547
2024-00773,2024-03-31,Hualqui,camion_ligero,11.62,10.63,7,11,0.5125,4647.0,1.115
2024-00326,2024-03-31,Hualpen,moto,17.45,1.76,5,6,0.9773,2014.0,0.603
2024-00360,2024-03-31,Lota,furgon,23.17,48.44,6,11,0.3351,5109.0,1.283
2024-00957,2024-04-01,Talcahuano,furgon,19.29,25.57,7,6,0.665,4621.0,1.178
2024-00628,2024-04-01,Florida,furgon,14.08,30.38,3,6,0.6217,2903.0,0.584
2024-01154,2024-04-01,Coronel,moto,9.73,10.63,3,19,0.7136,667.0,0.27
2024-00421,2024-04-02,Hualpen,moto,14.3,19.09,3,11,0.4255,2087.0,0.335
2024-00962,2024-04-02,Penco,furgon,21.88,6.6,4,9,0.6586,4531.0,0.902
2024-00480,2024-04-03,Hualpen,moto,19.89,26.71,5,9,0.6678,4609.0,1.058
2024-00367,2024-04-03,Concepcion,moto,9.13,20.23,4,19,0.5697,3235.0,0.714
2024-00327,2024-04-03,Santa Juana,moto,20.04,28.04,6,14,0.3684,5357.0,1.074
2024-00025,2024-04-03,Coronel,moto,25.0,9.35,4,19,0.5312,4940.0,1.205
2024-01077,2024-04-03,Lota,furgon,17.15,6.16,3,18,0.6322,1607.0,0.523
2024-01116,2024-04-05,Hualpen,camion_ligero,18.03,4.11,6,7,0.6749,5037.0,1.192
2024-00741,2024-04-05,Florida,furgon,23.69,45.65,8,12,0.7566,6851.0,1.371
2024-00835,2024-04-05,Coronel,camion_ligero,10.47,10.93,6,10,0.5461,3274.0,0.984
2024-00445,2024-04-05,Penco,furgon,10.25,12.54,8,18,0.6746,4319.0,1.108
2024-00379,2024-04-05,Chiguayante,camion_ligero,19.48,7.76,8,14,0.2935,6900.0,1.368
2024-00007,2024-04-06,Florida,camion_ligero,16.82,14.3,1,7,0.8677,2036.0,0.734
2024-00291,2024-04-06,Penco,furgon,10.11,4.45,6,9,0.5989,2438.0,0.581
2024-00784,2024-04-07,Florida,moto,21.29,7.06,6,10,0.8754,3014.0,0.558
2024-00749,2024-04-07,Hualqui,camion_ligero,15.75,43.92,3,12,0.7466,1213.0,0.389
2024-00203,2024-04-07,Florida,moto,12.61,31.35,1,18,0.604,3789.0,0.725
2024-00122,2024-04-07,Concepcion,camion_ligero,24.77,19.58,4,16,0.9603,4588.0,1.043
2024-00732,2024-04-08,Penco,camion_ligero,20.58,22.55,7,10,0.6686,4245.0,0.911
2024-00948,2024-04-08,Tome,furgon,20.31,9.28,7,9,0.7349,4356.0,1.186
2024-00569,2024-04-08,Penco,furgon,21.33,25.12,8,11,0.6878,4603.0,1.221
2024-01155,2024-04-08,Hualpen,furgon,17.46,11.78,6,14,0.5049,4241.0,0.909
2024-00377,2024-04-09,Chiguayante,moto,13.82,20.97,6,17,0.6065,2136.0,0.567
2024-00270,2024-04-09,Chiguayante,furgon,20.72,14.42,7,13,0.4579,5257.0,1.295
2024-00374,2024-04-09,Coronel,moto,15.45,24.35,7,13,0.6086,2640.0,0.892
2024-00459,2024-04-09,Hualqui,furgon,16.6,16.01,2,16,0.8047,2529.0,0.758
2024-00146,2024-04-09,Chiguayante,furgon,9.14,4.79,1,18,0.6221,3341.0,0.606
2024-00457,2024-04-09,Lota,furgon,11.8,26.3,2,9,0.7385,2926.0,0.508
2024-01074,2024-04-09,Penco,furgon,18.49,9.44,2,8,0.6216,5463.0,1.053
2024-00133,2024-04-10,San Pedro de la Paz,camion_ligero,23.5,1.32,2,7,0.8321,5281.0,1.2
2024-00777,2024-04-10,Florida,moto,22.37,9.3,2,12,0.4662,3327.0,0.904
2024-00534,2024-04-10,Talcahuano,moto,18.02,23.32,8,14,0.7955,3898.0,0.827
2024-00260,2024-04-10,Chiguayante,moto,8.52,11.77,3,9,0.6625,2104.0,0.664
2024-00502,2024-04-11,Concepcion,camion_ligero,21.74,18.98,5,13,0.5983,4139.0,1.246
2024-00350,2024-04-11,Santa Juana,moto,2.87,27.76,5,18,0.7511,1389.0,0.252
2024-00780,2024-04-11,Hualpen,furgon,15.72,25.28,3,14,0.8582,2366.0,0.627
2024-00051,2024-04-11,Chiguayante,furgon,24.31,35.59,8,18,0.525,5995.0,1.517
2024-01079,2024-04-11,Coronel,moto,15.7,22.14,5,11,0.423,4839.0,0.996
2024-00771,2024-04-11,Talcahuano,moto,19.69,10.33,5,14,0.4487,2512.0,0.628
2024-00619,2024-04-12,Tome,camion_ligero,13.01,38.91,6,10,0.8802,5936.0,1.312
2024-00889,2024-04-12,Tome,furgon,14.07,42.25,1,8,0.7234,3550.0,0.747
2024-00047,2024-04-12,Concepcion,furgon,19.96,2.57,8,16,0.7194,2564.0,0.736
2024-00609,2024-04-12,Chiguayante,camion_ligero,9.15,5.58,4,15,0.6274,2658.0,0.708
2024-00413,2024-04-12,Concepcion,furgon,16.89,34.89,7,7,0.2392,5371.0,1.332
2024-01168,2024-04-12,Concepcion,camion_ligero,24.54,25.64,5,17,0.6276,6290.0,1.738
2024-00070,2024-04-12,Florida,camion_ligero,19.23,19.73,2,10,0.6275,4362.0,0.987
2024-00472,2024-04-13,Talcahuano,camion_ligero,18.79,4.92,1,14,0.5457,3958.0,1.107
2024-00209,2024-04-13,Florida,moto,21.27,20.35,2,15,0.748,2776.0,0.834
2024-00401,2024-04-13,Talcahuano,moto,19.69,16.69,1,11,0.7609,555.0,0.19
2024-00722,2024-04-13,Hualqui,furgon,7.81,15.62,6,14,0.4743,3564.0,0.867
2024-00886,2024-04-14,Hualqui,moto,14.23,10.97,8,17,0.6523,3147.0,0.627
2024-01045,2024-04-14,San Pedro de la Paz,furgon,15.96,13.0,4,19,0.6071,2152.0,0.842
2024-00398,2024-04-14,Lota,moto,10.88,14.45,4,17,0.693,2104.0,0.503
2024-00342,2024-04-14,Coronel,moto,16.48,19.96,6,15,0.6201,2148.0,0.687
2024-00864,2024-04-15,Lota,furgon,26.6,6.07,3,17,0.7252,6423.0,1.467
2024-00848,2024-04-16,Hualpen,camion_ligero,24.31,24.49,8,8,0.5378,7522.0,1.891
2024-00141,2024-04-16,Chiguayante,furgon,19.96,23.9,3,14,0.6755,3757.0,0.77
2024-00126,2024-04-16,Hualqui,camion_ligero,12.04,4.21,1,16,0.6014,2174.0,0.597
2024-00513,2024-04-17,Santa Juana,camion_ligero,16.13,17.31,1,13,0.9323,1528.0,0.5
2024-00810,2024-04-17,San Pedro de la Paz,camion_ligero,22.92,134.56,6,18,0.9636,6669.0,1.624
2024-00932,2024-04-17,Florida,camion_ligero,15.61,14.83,1,13,0.4996,2706.0,0.761
2024-00486,2024-04-18,Florida,moto,5.89,16.72,3,16,0.6861,954.0,0.374
2024-00583,2024-04-18,San Pedro de la Paz,moto,14.75,25.18,6,17,0.2265,2958.0,0.872
2024-01098,2024-04-18,Hualpen,furgon,23.49,6.81,6,13,0.5981,3518.0,1.032
2024-00660,2024-04-19,Coronel,moto,20.71,15.91,2,16,0.4761,3467.0,1.162
2024-00481,2024-04-19,Coronel,furgon,21.49,7.98,5,6,0.6555,5410.0,1.153
2024-00248,2024-04-19,Chiguayante,moto,16.16,47.54,8,13,0.6584,4059.0,1.055
2024-00312,2024-04-19,Coronel,camion_ligero,24.85,4.88,7,6,0.7921,5037.0,1.271
2024-00877,2024-04-20,Penco,moto,12.45,12.48,2,13,0.3576,3082.0,0.77
2024-00383,2024-04-20,Lota,furgon,2.0,0.5,6,8,0.6999,2298.0,0.522
2024-01042,2024-04-20,Hualpen,moto,23.86,24.12,2,15,0.5928,4716.0,1.038
2024-00940,2024-04-21,Florida,moto,20.81,13.31,7,12,0.6934,4242.0,0.848
2024-00740,2024-04-21,Tome,moto,15.07,20.27,1,9,0.816,3880.0,0.893
2024-00540,2024-04-21,San Pedro de la Paz,furgon,11.56,45.73,1,13,0.7747,2320.0,0.351
2024-00211,2024-04-22,Hualpen,moto,19.64,5.69,8,9,0.5064,2082.0,0.736
2024-00110,2024-04-22,Florida,moto,18.52,4.52,7,15,0.2634,2298.0,0.86
2024-01089,2024-04-22,Hualqui,moto,2.0,1.04,7,13,0.6341,1285.0,0.603
2024-00316,2024-04-22,Florida,camion_ligero,25.91,21.87,5,8,0.6585,7086.0,1.887
2024-00489,2024-04-22,Lota,moto,18.39,14.41,4,13,0.8337,2576.0,0.496
2024-01142,2024-04-22,Hualpen,furgon,2.0,22.05,7,16,0.405,3379.0,0.551
2024-01173,2024-04-22,Lota,moto,25.72,6.85,3,16,0.6162,2865.0,0.72
2024-00944,2024-04-24,Tome,furgon,11.19,11.51,8,9,0.3745,5803.0,1.423
2024-00158,2024-04-24,Florida,furgon,9.53,20.57,2,14,0.7649,2025.0,0.647
2024-00149,2024-04-25,Penco,moto,10.36,18.72,1,17,0.7336,832.0,0.505
2024-00045,2024-04-25,Coronel,furgon,3.95,3.26,7,11,0.5821,2265.0,0.506
2024-01031,2024-04-26,San Pedro de la Paz,moto,8.99,20.05,5,17,0.4745,1897.0,0.447
2024-00972,2024-04-26,Tome,furgon,15.81,17.8,5,13,0.8025,2939.0,0.669
2024-01020,2024-04-27,Lota,moto,13.73,53.36,5,18,0.5603,4420.0,1.076
2024-00290,2024-04-27,Santa Juana,camion_ligero,11.97,32.01,5,6,0.4588,1823.0,0.775
2024-00675,2024-04-27,San Pedro de la Paz,camion_ligero,14.55,12.99,4,6,0.8722,3687.0,0.761
2024-00231,2024-04-27,Talcahuano,moto,21.39,0.9,3,10,0.5708,2789.0,0.931
2024-00548,2024-04-27,Santa Juana,furgon,8.63,9.67,6,15,0.726,1845.0,0.515
2024-00816,2024-04-27,Hualqui,furgon,27.29,5.72,5,15,0.4346,4356.0,1.091
2024-01129,2024-04-27,Coronel,camion_ligero,25.8,5.73,6,7,0.7514,7813.0,2.021
2024-00330,2024-04-28,Lota,camion_ligero,16.34,18.25,5,11,0.5424,4794.0,1.003
2024-00001,2024-04-28,Florida,moto,19.85,16.07,6,19,0.8235,4603.0,0.948
2024-00659,2024-04-28,Talcahuano,camion_ligero,22.5,10.74,8,12,0.5645,6475.0,1.555
2024-00116,2024-04-29,Coronel,moto,17.95,19.99,2,19,0.5371,5400.0,0.929
2024-00081,2024-04-30,Concepcion,furgon,21.4,31.7,2,8,0.4419,6481.0,1.493
2024-00115,2024-04-30,Coronel,moto,10.43,18.29,3,7,0.828,2009.0,0.521
2024-00311,2024-05-01,Hualqui,camion_ligero,17.53,18.52,3,16,0.6822,4447.0,0.767
2024-00630,2024-05-01,Santa Juana,furgon,16.03,7.32,8,18,0.6344,3667.0,0.87
2024-00193,2024-05-02,Tome,moto,21.62,16.67,6,18,0.7884,5382.0,1.263
2024-01176,2024-05-02,Penco,furgon,20.03,11.3,4,17,0.5086,4890.0,1.04
2024-00700,2024-05-03,San Pedro de la Paz,moto,22.13,14.16,5,10,0.2137,2533.0,0.854
2024-00425,2024-05-03,Florida,moto,16.28,10.65,7,18,0.6042,5553.0,1.11
2024-00014,2024-05-04,Hualpen,furgon,20.74,7.74,2,18,0.3281,5956.0,1.33
2024-00301,2024-05-04,Tome,moto,11.44,14.48,4,18,0.6368,2764.0,0.47
2024-00805,2024-05-04,Tome,furgon,26.7,12.37,3,6,0.5848,4894.0,1.082
2024-00695,2024-05-06,San Pedro de la Paz,furgon,21.23,30.56,4,7,0.6285,5185.0,1.087
2024-00018,2024-05-06,Lota,moto,12.47,18.07,8,10,0.6915,4573.0,0.985
2024-00295,2024-05-06,Penco,furgon,18.89,49.02,7,19,0.3013,4783.0,1.421
2024-00807,2024-05-06,Tome,furgon,20.73,1.37,3,6,0.4719,5207.0,0.942
2024-00997,2024-05-07,Chiguayante,furgon,17.93,27.86,1,18,0.5945,3133.0,0.804
2024-00418,2024-05-07,Lota,camion_ligero,17.51,40.06,2,17,0.553,5608.0,1.244
2024-00262,2024-05-07,Chiguayante,moto,10.23,6.54,2,10,0.4891,2016.0,0.487
2024-00617,2024-05-08,San Pedro de la Paz,furgon,22.63,12.12,1,17,0.7144,3886.0,0.76
2024-00026,2024-05-08,Hualpen,furgon,32.59,8.44,4,15,0.4161,5712.0,1.257
2024-00449,2024-05-08,Tome,furgon,6.87,4.26,7,16,0.9239,948.0,0.164
2024-00479,2024-05-08,Lota,camion_ligero,24.58,11.51,2,18,0.655,6809.0,1.539
2024-01136,2024-05-08,Concepcion,moto,8.32,12.99,6,15,0.8753,1283.0,0.47
2024-00279,2024-05-08,Santa Juana,moto,10.83,6.16,2,10,0.2688,1876.0,0.486
2024-00082,2024-05-08,Chiguayante,moto,15.71,4.19,7,8,0.6759,5516.0,1.192
2024-00893,2024-05-08,Hualqui,furgon,14.11,35.76,8,17,0.5157,7589.0,1.563
2024-01050,2024-05-08,Penco,moto,23.48,13.44,6,13,0.537,4102.0,1.092
2024-00795,2024-05-09,Hualpen,furgon,28.32,5.94,8,17,0.6305,6302.0,1.402
2024-00555,2024-05-09,Coronel,moto,12.19,11.81,5,15,0.7653,724.0,0.239
2024-00827,2024-05-09,Santa Juana,furgon,21.4,15.09,5,10,0.626,3145.0,0.932
2024-00987,2024-05-09,San Pedro de la Paz,furgon,21.8,14.02,1,16,0.5032,4440.0,1.112
2024-00955,2024-05-10,Coronel,moto,7.66,18.43,2,6,0.3791,1708.0,0.438
2024-01003,2024-05-10,Coronel,moto,17.36,20.88,6,16,0.5286,1516.0,0.436
2024-01174,2024-05-10,Lota,moto,14.61,13.94,5,8,0.3671,2329.0,0.749
2024-00751,2024-05-10,Santa Juana,furgon,10.18,33.78,6,13,0.4937,3017.0,0.84
2024-00315,2024-05-11,Chiguayante,camion_ligero,25.16,6.66,8,19,0.3178,9258.0,2.05
2024-00069,2024-05-11,Penco,moto,23.28,30.74,8,7,0.46,6964.0,1.502
2024-00937,2024-05-12,Hualpen,furgon,15.15,30.41,5,11,0.375,3497.0,0.859
2024-00092,2024-05-12,Lota,moto,24.99,44.01,3,17,0.6203,5403.0,1.279
2024-00776,2024-05-12,Lota,moto,8.36,21.52,6,7,0.566,3332.0,0.801
2024-00929,2024-05-12,Penco,furgon,18.64,34.8,6,7,0.8113,3615.0,0.893
2024-00637,2024-05-13,Lota,moto,16.46,9.79,6,17,0.7422,3955.0,0.794
2024-00591,2024-05-13,Santa Juana,camion_ligero,16.89,2.22,4,6,0.7385,4519.0,1.076
2024-01195,2024-05-13,Hualqui,furgon,16.33,28.74,1,14,0.948,2035.0,0.448
2024-01133,2024-05-13,Talcahuano,moto,13.04,31.11,3,19,0.7303,3328.0,0.788
2024-00000,2024-05-14,Hualqui,furgon,16.59,42.63,7,16,0.5462,5210.0,1.049
2024-00788,2024-05-15,Hualpen,moto,15.04,8.17,8,12,0.3772,4037.0,0.829
2024-00181,2024-05-15,Talcahuano,camion_ligero,24.74,14.52,4,12,0.6307,5892.0,1.424
2024-00426,2024-05-15,Lota,furgon,12.4,14.92,3,6,0.8584,3266.0,0.649
2024-00900,2024-05-15,Florida,moto,17.41,2.9,4,8,0.8176,2541.0,0.518
2024-01065,2024-05-17,Florida,moto,21.77,66.85,7,12,0.7212,4295.0,1.23
2024-00512,2024-05-17,Lota,furgon,12.4,41.65,4,6,0.5974,4483.0,1.006
2024-00667,2024-05-17,Hualpen,moto,17.25,33.41,6,10,0.9957,4169.0,1.023
2024-01134,2024-05-17,Florida,moto,18.14,29.86,5,18,0.7428,4681.0,1.255
2024-01120,2024-05-17,Chiguayante,moto,15.09,12.38,6,19,0.5029,3926.0,1.024
2024-00747,2024-05-18,Florida,moto,14.89,21.07,3,13,0.5491,2366.0,0.698
2024-00302,2024-05-18,Hualpen,moto,21.41,4.28,4,9,0.377,6233.0,1.273
2024-00399,2024-05-19,Talcahuano,camion_ligero,20.25,6.39,1,18,0.4402,4247.0,1.0
2024-00641,2024-05-19,Hualpen,furgon,22.92,18.32,8,19,0.5148,4316.0,1.629
2024-00036,2024-05-19,Santa Juana,furgon,8.88,19.72,5,13,0.4825,2469.0,0.639
2024-00027,2024-05-19,Talcahuano,furgon,21.92,10.01,3,9,0.3274,5153.0,1.191
2024-01015,2024-05-20,Concepcion,moto,25.33,30.92,7,19,0.7986,4506.0,1.072
2024-00080,2024-05-20,Florida,furgon,13.58,14.2,7,10,0.3991,5253.0,1.09
2024-00106,2024-05-20,Chiguayante,camion_ligero,17.34,48.78,7,12,0.5464,5183.0,1.213
2024-01179,2024-05-21,Coronel,furgon,15.78,29.65,7,19,0.4294,5292.0,1.264
2024-00832,2024-05-21,Florida,furgon,17.5,22.38,5,14,1.0,2601.0,0.61
2024-00614,2024-05-21,Hualqui,camion_ligero,22.73,12.79,7,6,0.4835,5010.0,1.387
2024-00687,2024-05-21,Santa Juana,furgon,9.92,10.92,1,19,0.394,2837.0,0.573
2024-00683,2024-05-22,Chiguayante,furgon,19.27,1.65,2,14,0.5169,2815.0,0.788
2024-01147,2024-05-22,Coronel,moto,22.77,25.8,5,18,0.897,5041.0,1.161
2024-00256,2024-05-22,Santa Juana,moto,19.13,19.09,4,6,0.6504,3307.0,0.81
2024-00244,2024-05-22,Santa Juana,furgon,12.28,16.05,6,19,0.6913,4007.0,0.822
2024-00685,2024-05-23,Lota,furgon,10.29,19.5,1,16,0.5056,2460.0,0.565
2024-01014,2024-05-23,Lota,moto,17.29,16.41,8,14,0.8144,2267.0,0.775
2024-00562,2024-05-23,Lota,moto,18.23,30.35,3,12,0.5485,3931.0,0.895
2024-00934,2024-05-23,Hualpen,moto,25.03,8.79,1,7,0.7334,2039.0,0.847
2024-00737,2024-05-23,Concepcion,moto,16.61,3.12,1,19,0.5213,3069.0,0.541
2024-01158,2024-05-24,Hualpen,furgon,16.93,23.08,6,13,0.7908,4271.0,0.998
2024-00748,2024-05-25,Hualpen,moto,21.04,15.19,3,12,0.5838,2483.0,0.691
2024-00731,2024-05-25,Florida,furgon,8.14,33.69,1,16,0.7295,1506.0,0.185
2024-01029,2024-05-26,Lota,moto,12.98,15.71,2,15,0.9293,2370.0,0.399
2024-00890,2024-05-26,Hualpen,camion_ligero,16.73,6.5,5,16,0.6486,3825.0,1.049
2024-00845,2024-05-26,San Pedro de la Paz,furgon,18.35,16.66,6,16,0.6768,1922.0,0.798
2024-00349,2024-05-27,Tome,furgon,33.76,17.61,7,7,0.5278,7795.0,1.886
2024-01172,2024-05-28,Florida,furgon,8.96,17.27,7,12,0.6579,3772.0,0.866
2024-00343,2024-05-28,Hualqui,moto,18.72,14.8,8,17,0.5291,3967.0,0.957
2024-00339,2024-05-28,Chiguayante,camion_ligero,14.19,27.2,2,9,0.4786,3371.0,0.664
2024-00245,2024-05-28,Lota,furgon,23.24,19.48,1,16,0.6051,3703.0,0.912
2024-00205,2024-05-28,Penco,furgon,10.19,32.32,4,6,0.6825,3518.0,0.748
2024-00143,2024-05-28,Tome,moto,17.93,8.4,7,7,0.8193,3106.0,0.856
2024-00488,2024-05-28,Tome,camion_ligero,18.11,13.56,6,19,0.747,5410.0,1.376
2024-01004,2024-05-29,Hualpen,moto,14.57,30.63,1,17,0.6623,3957.0,0.92
2024-00151,2024-05-29,Lota,furgon,14.88,5.4,6,11,0.4763,2203.0,0.635
2024-01021,2024-05-29,Talcahuano,camion_ligero,2.74,28.7,8,19,0.6245,-111.0,0.214
2024-00275,2024-05-30,Florida,furgon,17.68,25.18,5,19,0.6627,6269.0,1.266
2024-01039,2024-05-30,Lota,moto,11.47,8.31,5,13,0.3814,3515.0,0.628
2024-01013,2024-05-30,Talcahuano,furgon,18.6,27.39,7,18,0.8663,4384.0,0.924
2024-00272,2024-05-30,Concepcion,moto,19.68,7.32,2,18,0.8771,2214.0,0.798
2024-00851,2024-05-31,Hualpen,furgon,13.18,4.58,3,14,0.643,1811.0,0.55
2024-00716,2024-05-31,Florida,furgon,20.8,7.35,1,13,0.6176,881.0,0.745
2024-01199,2024-05-31,Hualpen,moto,29.82,37.45,8,13,0.9023,4010.0,1.311
2024-00103,2024-05-31,San Pedro de la Paz,moto,20.11,27.97,4,13,0.6614,2920.0,0.682
2024-00424,2024-05-31,Santa Juana,moto,18.44,14.24,8,9,0.6224,4843.0,1.173
2024-00328,2024-06-01,Lota,furgon,13.03,14.54,6,10,0.5018,5376.0,1.049
2024-00981,2024-06-01,Hualpen,furgon,18.92,13.61,3,9,0.8332,4022.0,0.863
2024-00542,2024-06-01,Santa Juana,moto,28.31,27.92,4,12,0.4486,4893.0,1.177
2024-00517,2024-06-01,Hualqui,furgon,9.5,20.18,8,8,0.6736,4404.0,0.915
2024-00866,2024-06-02,Florida,moto,22.26,1.76,3,9,0.7614,2752.0,1.032
2024-00469,2024-06-02,Talcahuano,furgon,18.89,16.34,6,17,0.5809,5408.0,1.227
2024-01046,2024-06-02,Talcahuano,moto,11.39,42.53,6,18,0.7333,3349.0,0.783
2024-01030,2024-06-03,Chiguayante,moto,8.56,7.77,5,9,0.8772,1809.0,0.381
2024-00348,2024-06-03,Tome,furgon,18.5,10.56,5,10,0.7491,1175.0,0.645
2024-00719,2024-06-03,Coronel,furgon,24.26,20.73,6,9,0.5038,7756.0,1.826
2024-00787,2024-06-03,San Pedro de la Paz,moto,10.77,31.46,6,17,0.6445,2577.0,0.647
2024-00520,2024-06-04,Hualqui,moto,13.39,26.47,3,18,0.8158,1356.0,0.527
2024-00273,2024-06-04,Santa Juana,moto,29.72,14.79,4,18,0.5652,6594.0,1.452
2024-00721,2024-06-04,Hualqui,moto,10.12,23.97,1,15,0.4784,2648.0,0.534
2024-00280,2024-06-04,Lota,furgon,16.82,32.45,6,9,0.8162,5921.0,1.094
2024-00922,2024-06-05,Talcahuano,furgon,21.09,60.77,1,18,0.3339,6137.0,1.513
2024-00994,2024-06-05,San Pedro de la Paz,furgon,10.89,11.38,6,17,0.7088,3275.0,0.965
2024-00123,2024-06-05,Hualpen,moto,15.66,32.62,8,15,0.3673,2594.0,0.7
2024-01167,2024-06-05,Coronel,moto,13.87,32.29,6,11,0.6066,3619.0,0.851
2024-00761,2024-06-05,Tome,moto,12.61,3.94,8,19,0.4812,4148.0,0.978
2024-00210,2024-06-05,Concepcion,camion_ligero,15.19,7.2,5,18,0.8799,4176.0,1.088
2024-00666,2024-06-06,Hualpen,camion_ligero,12.25,8.23,3,12,0.4685,3574.0,0.728
2024-01118,2024-06-06,San Pedro de la Paz,furgon,13.83,10.24,8,17,0.4018,3676.0,1.28
2024-00067,2024-06-06,Hualpen,furgon,14.99,10.34,2,8,0.5998,4638.0,1.014
2024-00724,2024-06-07,Hualpen,furgon,15.55,9.85,7,13,0.7383,3620.0,0.813
2024-00059,2024-06-07,Concepcion,furgon,15.95,14.3,6,12,0.9304,2528.0,0.75
2024-00923,2024-06-07,Hualqui,camion_ligero,17.74,53.08,5,14,0.6984,4947.0,1.373
2024-00817,2024-06-08,Tome,moto,13.21,40.25,7,16,0.5877,3856.0,0.91
2024-00043,2024-06-09,Coronel,furgon,16.51,22.21,4,13,0.7632,5303.0,1.051
2024-00580,2024-06-10,Tome,furgon,21.35,14.62,8,18,0.5481,6250.0,1.57
2024-01182,2024-06-10,Penco,furgon,17.34,11.72,4,17,0.6658,3621.0,0.767
2024-00842,2024-06-10,Chiguayante,moto,2.0,23.46,8,16,0.7573,2274.0,0.405
2024-00938,2024-06-10,Chiguayante,furgon,18.62,16.27,4,15,0.6587,2925.0,0.834
2024-00526,2024-06-10,Santa Juana,moto,32.34,8.76,6,10,0.7547,4368.0,1.165
2024-00650,2024-06-10,Hualqui,furgon,12.86,14.83,3,11,0.3695,2726.0,0.704
2024-00884,2024-06-11,Chiguayante,moto,26.7,19.55,6,6,0.4894,3380.0,0.775
2024-00786,2024-06-11,San Pedro de la Paz,camion_ligero,20.75,4.17,6,16,0.7601,4395.0,1.122
2024-00688,2024-06-11,Florida,furgon,16.86,11.87,2,16,0.5,4893.0,0.997
2024-00215,2024-06-11,Tome,furgon,21.04,19.32,5,19,0.4933,5812.0,1.358
2024-00586,2024-06-11,Hualpen,camion_ligero,14.93,14.2,8,11,0.437,4361.0,1.242
2024-00055,2024-06-11,San Pedro de la Paz,furgon,2.0,37.45,1,16,0.6259,896.0,0.15
2024-00049,2024-06-12,Florida,furgon,18.89,10.7,4,13,0.8667,3632.0,0.815
2024-01193,2024-06-12,Penco,moto,18.42,17.66,2,18,0.64,3808.0,0.918
2024-00840,2024-06-12,Santa Juana,moto,12.38,32.8,6,8,0.4996,3305.0,0.8
2024-01165,2024-06-12,Hualpen,furgon,19.35,20.14,4,8,0.6605,3142.0,1.057
2024-00977,2024-06-12,Hualqui,furgon,18.29,12.64,1,18,0.8453,2974.0,0.969
2024-00708,2024-06-12,Coronel,furgon,21.64,10.72,6,15,0.7024,6684.0,1.404
2024-00995,2024-06-12,Hualpen,moto,15.74,5.53,4,14,0.4113,2110.0,0.558
2024-00035,2024-06-13,San Pedro de la Paz,camion_ligero,29.03,13.47,1,14,0.6339,6393.0,1.434
2024-00545,2024-06-14,Hualqui,moto,20.79,13.96,5,13,0.6026,4326.0,0.74
2024-01105,2024-06-14,Florida,camion_ligero,18.06,56.3,8,19,0.3581,6975.0,1.674
2024-00144,2024-06-15,Concepcion,moto,25.2,11.87,1,9,0.6837,3673.0,0.784
2024-01197,2024-06-16,Penco,camion_ligero,19.89,54.02,6,19,0.7454,6022.0,1.438
2024-00463,2024-06-16,Florida,moto,14.67,8.81,3,15,0.9578,3071.0,0.514
2024-00982,2024-06-16,Santa Juana,furgon,13.94,20.7,6,15,0.6913,2372.0,0.446
2024-01056,2024-06-17,Tome,furgon,14.35,6.9,4,10,0.6846,1928.0,0.607
2024-01101,2024-06-18,Hualpen,camion_ligero,23.92,2.96,5,10,0.439,5492.0,1.283
2024-00313,2024-06-18,Hualpen,furgon,10.98,13.03,7,8,0.6867,4178.0,0.92
2024-01112,2024-06-18,Hualqui,furgon,4.38,5.24,8,6,0.7277,3612.0,0.685
2024-00648,2024-06-19,Hualpen,furgon,16.23,17.5,8,6,0.5184,5035.0,1.334
2024-00199,2024-06-19,San Pedro de la Paz,furgon,15.34,9.6,7,9,0.4886,4146.0,0.92
2024-00869,2024-06-19,Coronel,moto,8.08,9.51,6,13,0.4102,2084.0,0.484
2024-00194,2024-06-19,Hualpen,camion_ligero,17.2,26.34,1,15,0.6343,3024.0,0.977
2024-00408,2024-06-19,San Pedro de la Paz,furgon,21.51,11.13,3,7,0.7504,5494.0,1.206
2024-01018,2024-06-19,Penco,moto,10.98,15.07,7,12,0.9842,3465.0,0.61
2024-00130,2024-06-20,Penco,moto,8.08,41.83,7,16,0.3271,3813.0,0.647
2024-00240,2024-06-20,Santa Juana,furgon,16.51,20.93,6,17,0.6386,5470.0,1.233
2024-00094,2024-06-20,Coronel,moto,7.64,18.96,7,13,0.6114,1753.0,0.615
2024-00815,2024-06-20,Talcahuano,camion_ligero,25.28,46.23,1,10,0.9692,3138.0,0.8
2024-01097,2024-06-21,Lota,camion_ligero,11.4,3.17,4,7,0.6843,4123.0,0.772
2024-00471,2024-06-21,Coronel,furgon,14.19,29.21,6,6,0.4495,3604.0,1.002
2024-00319,2024-06-21,Florida,camion_ligero,20.71,14.13,4,6,0.5861,4677.0,1.092
2024-00990,2024-06-22,Talcahuano,furgon,13.76,42.58,8,15,0.4276,4382.0,1.238
2024-00251,2024-06-22,Hualqui,furgon,15.35,26.64,7,10,0.7767,3952.0,0.999
2024-00850,2024-06-22,Penco,furgon,19.83,5.1,3,16,0.606,3421.0,0.744
2024-00844,2024-06-22,San Pedro de la Paz,moto,15.26,20.27,8,16,0.8124,3608.0,0.884
2024-00085,2024-06-23,Florida,furgon,13.31,15.97,2,16,0.4296,2170.0,0.392
2024-00615,2024-06-23,San Pedro de la Paz,furgon,20.3,5.5,5,8,0.8524,5295.0,1.161
2024-00898,2024-06-24,Chiguayante,furgon,18.59,78.49,7,12,0.4897,4406.0,1.26
2024-00572,2024-06-24,Hualpen,furgon,20.98,18.79,1,9,0.4502,3693.0,0.97
2024-00998,2024-06-25,Tome,moto,18.32,15.58,7,6,0.7044,3930.0,0.699
2024-00631,2024-06-26,Concepcion,furgon,15.64,34.85,3,11,0.7242,3195.0,0.725
2024-00165,2024-06-26,Hualpen,camion_ligero,17.12,15.69,8,13,0.407,6184.0,1.404
2024-01178,2024-06-26,Tome,moto,22.78,35.16,7,6,0.6951,1967.0,0.608
2024-01113,2024-06-26,Tome,camion_ligero,10.92,34.8,8,18,0.4125,4726.0,1.209
2024-01190,2024-06-27,Tome,furgon,14.98,17.59,3,17,0.542,3624.0,0.755
2024-00594,2024-06-27,Penco,camion_ligero,23.19,2.04,3,12,0.3836,6019.0,1.177
2024-00921,2024-06-27,Tome,moto,23.36,25.84,4,7,0.5441,4544.0,1.091
2024-00936,2024-06-28,Concepcion,moto,20.75,37.46,2,18,0.3173,4206.0,1.296
2024-00393,2024-06-28,Florida,camion_ligero,9.32,40.94,8,8,0.4884,6913.0,1.513
2024-01073,2024-06-28,Coronel,furgon,14.93,14.74,4,13,0.6193,3163.0,0.812
2024-00265,2024-06-29,Concepcion,furgon,16.82,28.22,5,7,0.6245,4432.0,1.244
2024-00834,2024-06-29,Coronel,camion_ligero,21.88,15.79,4,12,0.4841,4257.0,1.139
2024-00134,2024-06-30,Talcahuano,furgon,14.92,22.25,5,9,0.6368,1903.0,0.678
2024-00258,2024-06-30,Tome,camion_ligero,22.26,20.62,5,17,0.4655,6077.0,1.565
2024-00259,2024-07-02,Lota,furgon,22.24,9.35,5,12,0.5618,5410.0,1.22
2024-00836,2024-07-02,Florida,furgon,13.82,9.95,3,11,0.452,2024.0,0.613
2024-01090,2024-07-02,Tome,furgon,15.82,19.08,4,14,0.6716,5140.0,0.838
2024-00656,2024-07-02,Florida,camion_ligero,17.05,16.76,4,18,0.4928,5100.0,1.262
2024-00924,2024-07-02,Tome,moto,19.26,31.72,7,11,0.4335,3946.0,1.012
2024-00198,2024-07-02,Penco,moto,20.76,26.11,8,12,0.7427,2894.0,0.612
2024-00946,2024-07-02,Chiguayante,moto,23.07,1.74,7,16,0.433,4330.0,0.851
2024-01084,2024-07-02,Talcahuano,moto,15.29,9.26,3,14,0.7558,651.0,0.383
2024-00895,2024-07-03,Florida,camion_ligero,9.91,43.25,8,6,0.3722,4121.0,1.098
2024-00792,2024-07-04,Florida,moto,11.8,26.07,2,11,0.4719,1454.0,0.559
2024-00676,2024-07-04,Penco,furgon,22.41,29.84,3,11,0.561,6200.0,1.22
2024-00794,2024-07-04,Santa Juana,furgon,12.08,8.85,1,11,0.6397,2070.0,0.387
2024-00037,2024-07-04,Florida,furgon,15.17,17.1,7,6,0.5565,3641.0,0.853
2024-00406,2024-07-05,San Pedro de la Paz,moto,21.88,17.15,2,18,0.4335,4280.0,1.32
2024-00370,2024-07-05,Tome,moto,27.36,19.09,6,15,0.7407,7598.0,1.36
2024-00682,2024-07-05,Tome,camion_ligero,19.78,20.1,4,10,0.5103,3806.0,0.982
2024-00624,2024-07-05,Chiguayante,furgon,18.94,24.88,2,6,0.1545,4398.0,0.891
2024-00668,2024-07-05,Tome,furgon,19.45,16.88,2,13,0.7802,2983.0,0.522
2024-00278,2024-07-05,Talcahuano,furgon,18.06,25.94,7,7,0.4942,5278.0,1.233
2024-00005,2024-07-05,Santa Juana,camion_ligero,23.27,18.27,2,14,0.7374,3803.0,0.902
2024-00579,2024-07-05,Penco,camion_ligero,21.8,9.45,8,9,0.9411,5509.0,1.378
2024-00820,2024-07-05,Hualqui,furgon,18.77,26.01,1,14,0.3577,2762.0,0.617
2024-00538,2024-07-05,Hualqui,moto,20.16,12.95,1,14,0.7063,3509.0,0.641
2024-00112,2024-07-05,Talcahuano,camion_ligero,20.83,2.61,7,9,0.615,7178.0,1.654
2024-00252,2024-07-05,Tome,furgon,12.21,37.69,6,14,0.7462,4797.0,1.176
2024-00933,2024-07-06,Santa Juana,furgon,8.59,19.8,7,9,0.587,4332.0,0.927
2024-00423,2024-07-06,Tome,camion_ligero,17.61,18.74,6,9,0.4553,5185.0,1.396
2024-00965,2024-07-07,Penco,camion_ligero,8.63,8.82,4,18,0.7426,4550.0,0.852
2024-00669,2024-07-07,Santa Juana,camion_ligero,23.81,17.9,4,6,0.7634,4515.0,0.969
2024-00804,2024-07-07,Tome,moto,18.77,40.84,8,17,0.4327,4845.0,1.374
2024-00880,2024-07-08,Chiguayante,furgon,13.81,7.59,3,7,0.9966,3780.0,0.84
2024-00537,2024-07-08,Hualpen,furgon,25.63,23.13,3,13,0.7015,5233.0,1.012
2024-01053,2024-07-09,Coronel,furgon,15.57,8.95,1,16,0.6886,2604.0,0.463
2024-00613,2024-07-09,Penco,camion_ligero,22.86,12.76,2,15,0.2485,6214.0,1.491
2024-01064,2024-07-09,Penco,moto,7.41,17.04,1,6,0.7117,211.0,0.15
2024-00894,2024-07-09,Tome,moto,34.45,8.41,4,9,0.853,5155.0,1.104
2024-00002,2024-07-09,Santa Juana,furgon,25.11,26.21,6,7,0.8636,4706.0,1.198
2024-00176,2024-07-10,San Pedro de la Paz,camion_ligero,15.72,10.81,1,10,0.4848,3539.0,0.773
2024-00340,2024-07-10,Penco,moto,15.63,16.7,2,15,1.0,1308.0,0.398
2024-00760,2024-07-10,Santa Juana,moto,18.06,22.56,6,15,0.7087,3115.0,0.886
2024-00407,2024-07-11,Concepcion,furgon,7.22,30.77,7,13,0.6792,1986.0,0.507
2024-01070,2024-07-11,San Pedro de la Paz,moto,15.03,27.33,6,17,0.5341,3227.0,0.807
2024-00492,2024-07-11,Coronel,moto,20.57,1.56,1,8,0.571,3031.0,0.878
2024-01164,2024-07-11,Tome,camion_ligero,25.07,10.43,3,7,0.6421,6862.0,1.562
2024-00402,2024-07-12,Tome,furgon,19.61,38.51,3,11,0.4824,2706.0,0.732
2024-00169,2024-07-12,Hualpen,moto,11.44,5.65,6,9,0.696,1167.0,0.405
2024-00952,2024-07-12,Santa Juana,furgon,8.63,19.67,3,11,0.802,1404.0,0.311
2024-00372,2024-07-12,Coronel,moto,20.47,5.06,4,14,0.5772,3956.0,0.698
2024-00083,2024-07-12,Hualqui,moto,9.12,15.34,8,18,0.3306,2669.0,0.6
2024-00448,2024-07-12,Concepcion,furgon,16.63,12.86,7,7,0.3635,6117.0,1.245
2024-01127,2024-07-13,Hualqui,moto,10.54,29.55,6,7,0.5587,4579.0,0.978
2024-01087,2024-07-13,San Pedro de la Paz,moto,8.92,6.63,5,8,0.8059,2068.0,0.505
2024-00163,2024-07-13,Penco,moto,16.59,12.07,3,15,0.3814,3311.0,0.629
2024-00436,2024-07-15,Santa Juana,furgon,21.9,17.6,7,17,0.6343,5454.0,1.493
2024-00838,2024-07-15,Florida,moto,15.62,10.53,2,11,0.7137,1640.0,0.392
2024-00276,2024-07-15,Penco,camion_ligero,12.05,6.15,6,6,0.3793,4722.0,0.815
2024-00114,2024-07-16,Hualqui,camion_ligero,15.08,25.33,5,17,0.4237,4315.0,1.067
2024-01062,2024-07-16,Talcahuano,camion_ligero,15.96,8.94,1,12,0.472,2101.0,0.415
2024-00104,2024-07-16,Santa Juana,furgon,13.65,16.21,5,13,0.434,3289.0,0.794
2024-00713,2024-07-16,Coronel,furgon,26.13,2.56,8,9,0.3632,7995.0,1.719
2024-00061,2024-07-16,Hualpen,camion_ligero,23.46,17.02,4,7,0.4772,6543.0,1.429
2024-00718,2024-07-16,Santa Juana,moto,13.94,10.45,2,18,0.7427,3514.0,0.689
2024-01102,2024-07-16,Tome,furgon,14.86,30.38,1,15,0.5181,1735.0,0.652
2024-00012,2024-07-16,Santa Juana,furgon,10.33,23.83,1,12,0.7392,1050.0,0.324
2024-00214,2024-07-17,Florida,moto,11.32,28.83,1,9,0.5467,1567.0,0.562
2024-00603,2024-07-17,Coronel,furgon,16.39,16.49,1,6,0.9261,1840.0,0.539
2024-00382,2024-07-17,Hualpen,camion_ligero,14.85,24.93,7,9,0.5914,7067.0,1.241
2024-00416,2024-07-17,Tome,moto,8.77,21.1,1,13,0.9307,1655.0,0.522
2024-00057,2024-07-17,San Pedro de la Paz,moto,18.69,4.54,2,19,0.4859,4285.0,1.017
2024-00364,2024-07-17,Talcahuano,furgon,15.23,20.59,7,11,0.6993,3732.0,1.023
2024-00778,2024-07-18,Tome,moto,6.67,38.01,3,16,0.6808,1699.0,0.382
2024-00768,2024-07-18,Hualpen,moto,21.28,14.1,7,10,0.654,4227.0,0.944
2024-00664,2024-07-18,Santa Juana,camion_ligero,33.28,25.36,5,7,0.8776,8103.0,1.942
2024-00606,2024-07-18,Tome,moto,30.45,33.7,3,18,0.3393,7538.0,1.681
2024-00745,2024-07-18,San Pedro de la Paz,camion_ligero,15.1,7.42,7,9,0.2277,5962.0,1.379
2024-00634,2024-07-19,San Pedro de la Paz,moto,5.33,23.9,7,10,0.6968,2057.0,0.467
2024-01130,2024-07-19,Coronel,moto,18.59,22.01,6,15,0.6067,3815.0,0.798
2024-00438,2024-07-19,Hualqui,furgon,15.66,8.02,4,17,0.6098,2813.0,0.869
2024-00352,2024-07-19,Hualpen,camion_ligero,14.14,23.16,4,9,0.7187,4352.0,1.068
2024-00332,2024-07-19,Talcahuano,camion_ligero,4.41,73.86,6,14,0.609,3394.0,0.739
2024-00847,2024-07-19,Florida,furgon,24.21,26.66,1,19,0.387,7273.0,1.425
2024-00031,2024-07-20,Chiguayante,moto,26.55,9.62,8,7,0.4166,5267.0,1.416
2024-00124,2024-07-20,Concepcion,furgon,20.65,27.91,3,16,0.5036,3186.0,0.758
2024-00465,2024-07-20,San Pedro de la Paz,camion_ligero,22.08,24.84,3,11,0.7345,4401.0,1.241
2024-00208,2024-07-20,Penco,furgon,22.15,34.88,7,13,0.7416,4364.0,0.979
2024-01037,2024-07-21,Concepcion,furgon,22.68,42.31,3,11,0.5241,4760.0,1.07
2024-00015,2024-07-21,Chiguayante,furgon,15.7,7.3,7,14,0.3799,4069.0,0.797
2024-00991,2024-07-21,Penco,moto,25.95,10.98,4,8,0.7278,5499.0,1.275
2024-00951,2024-07-21,San Pedro de la Paz,furgon,27.52,17.79,8,12,0.4779,2928.0,0.888
2024-00170,2024-07-22,Hualqui,moto,21.0,20.32,7,10,0.7126,4475.0,1.004
2024-00320,2024-07-22,Florida,camion_ligero,18.34,38.78,2,6,0.8031,4023.0,0.952
2024-00626,2024-07-23,Coronel,furgon,13.89,7.91,6,13,0.5393,3656.0,0.885
2024-00324,2024-07-23,Coronel,camion_ligero,21.64,27.23,3,12,0.515,5377.0,1.402
2024-00941,2024-07-23,Talcahuano,furgon,33.56,12.16,4,19,0.4048,9032.0,1.837
2024-00558,2024-07-23,Concepcion,moto,18.28,9.21,3,6,0.6164,1767.0,0.623
2024-00597,2024-07-24,Hualpen,moto,16.43,11.98,4,12,0.4016,2211.0,0.744
2024-00568,2024-07-24,Concepcion,moto,16.04,8.59,2,18,0.6196,3988.0,0.694
2024-00915,2024-07-24,Hualpen,camion_ligero,22.16,14.51,1,16,0.7573,1165.0,0.61
2024-01126,2024-07-25,Penco,furgon,4.85,10.5,7,13,0.5123,1211.0,0.652
2024-00042,2024-07-25,Coronel,furgon,14.94,37.17,7,15,0.5264,4479.0,0.925
2024-00504,2024-07-25,San Pedro de la Paz,moto,23.34,9.73,5,14,0.3764,4106.0,0.988
2024-00404,2024-07-25,Concepcion,furgon,24.68,12.76,4,17,0.7855,4722.0,1.244
2024-01012,2024-07-25,Santa Juana,furgon,22.61,1.41,7,15,0.5711,4514.0,0.924
2024-00118,2024-07-25,Coronel,moto,20.53,21.47,6,9,0.7607,3385.0,0.92
2024-00013,2024-07-25,Florida,camion_ligero,10.68,4.98,4,6,0.6138,2949.0,0.88
2024-00756,2024-07-26,Coronel,moto,10.69,15.33,2,18,0.5894,1421.0,0.423
2024-00518,2024-07-27,Chiguayante,furgon,9.75,48.36,2,6,0.7088,2423.0,0.492
2024-00052,2024-07-27,Tome,moto,19.39,4.51,8,18,0.3908,3821.0,1.057
2024-00030,2024-07-27,Penco,furgon,26.65,11.91,1,14,0.5448,4812.0,1.105
2024-00549,2024-07-27,San Pedro de la Paz,furgon,22.51,10.68,1,7,0.8515,3125.0,0.779
2024-00266,2024-07-28,Florida,moto,19.41,10.76,3,9,0.6452,4758.0,0.941
2024-00779,2024-07-28,Hualqui,camion_ligero,11.57,4.1,6,15,0.4997,3670.0,0.889
2024-00405,2024-07-28,Santa Juana,moto,19.59,23.24,7,11,0.5628,3838.0,1.071
2024-00196,2024-07-28,Hualqui,moto,20.17,11.29,3,19,0.7786,4007.0,0.907
2024-00593,2024-07-28,Concepcion,camion_ligero,11.11,31.97,3,19,0.4706,3029.0,0.838
2024-01140,2024-07-29,Hualqui,furgon,17.82,14.52,4,8,0.4903,5250.0,1.096
2024-00048,2024-07-29,San Pedro de la Paz,moto,19.61,7.0,2,18,0.8624,2465.0,0.54
2024-00665,2024-07-29,San Pedro de la Paz,furgon,32.44,35.8,1,6,0.4836,6537.0,1.356
2024-00742,2024-07-29,Concepcion,furgon,11.12,14.09,5,19,0.5053,983.0,0.516
2024-00140,2024-07-31,Coronel,moto,27.73,50.45,5,17,0.6938,4658.0,1.359
2024-00289,2024-07-31,Hualpen,camion_ligero,20.74,18.18,6,11,0.6107,4982.0,1.235
2024-00128,2024-07-31,Hualpen,moto,26.8,0.5,3,19,0.6852,4147.0,0.946
2024-01181,2024-07-31,Concepcion,furgon,16.78,7.8,1,14,0.8104,1305.0,0.525
2024-00148,2024-07-31,Tome,moto,15.55,12.27,8,15,0.7377,3690.0,0.895
2024-00268,2024-08-01,Concepcion,furgon,25.77,29.95,7,11,0.6926,4818.0,1.235
2024-00443,2024-08-02,San Pedro de la Paz,moto,17.82,35.33,4,6,0.9075,2433.0,0.563
2024-00322,2024-08-03,Hualpen,furgon,20.99,39.4,4,9,0.8538,4324.0,1.11
2024-01128,2024-08-04,Chiguayante,camion_ligero,12.13,14.18,3,14,0.7959,1591.0,0.524
2024-00882,2024-08-05,Penco,furgon,9.7,38.64,2,19,0.9617,3255.0,0.768
2024-00462,2024-08-05,San Pedro de la Paz,camion_ligero,14.97,0.65,2,15,0.5487,3635.0,0.633
2024-00693,2024-08-05,San Pedro de la Paz,furgon,17.8,22.76,3,10,0.6295,2941.0,0.841
2024-00728,2024-08-05,Talcahuano,moto,21.39,21.84,6,13,0.5817,4129.0,1.044
2024-00006,2024-08-06,Talcahuano,furgon,13.01,4.09,4,16,0.6819,2286.0,0.512
2024-00913,2024-08-06,Chiguayante,camion_ligero,25.3,30.58,1,12,0.9357,4912.0,1.011
2024-00213,2024-08-06,Chiguayante,furgon,12.84,7.93,1,17,0.3839,2098.0,0.693
2024-00447,2024-08-07,Hualqui,furgon,13.43,12.44,1,15,0.396,1769.0,0.328
2024-00135,2024-08-07,Hualpen,furgon,27.27,24.85,3,17,0.6302,6015.0,1.389
2024-00592,2024-08-07,Tome,furgon,17.15,30.3,5,8,0.7918,5384.0,1.237
2024-00757,2024-08-08,Florida,moto,27.38,14.14,6,10,0.7423,4643.0,0.959
2024-00283,2024-08-09,Hualqui,moto,16.64,45.92,6,6,0.5143,5065.0,0.965
2024-00293,2024-08-09,Florida,camion_ligero,5.61,16.71,1,19,0.4866,1763.0,0.432
2024-00612,2024-08-09,Penco,furgon,7.86,28.83,3,9,0.5879,2578.0,0.532
2024-00903,2024-08-09,San Pedro de la Paz,camion_ligero,14.09,45.68,5,11,0.5425,3588.0,0.766
2024-00501,2024-08-10,Coronel,moto,13.06,14.05,8,8,0.3353,2643.0,0.779
2024-00034,2024-08-10,Florida,furgon,24.47,11.52,1,19,0.595,5846.0,1.091
2024-00308,2024-08-11,Tome,camion_ligero,15.93,29.95,6,10,0.7697,4875.0,1.117
2024-00511,2024-08-11,Penco,camion_ligero,20.45,23.74,2,12,0.4038,4659.0,1.236
2024-01027,2024-08-12,Tome,moto,2.0,16.18,6,10,0.5994,1125.0,0.45
2024-00914,2024-08-12,Hualqui,furgon,22.68,43.43,8,14,0.7583,5381.0,1.24
2024-00028,2024-08-13,Santa Juana,moto,27.9,12.99,3,6,0.469,3443.0,0.924
2024-00376,2024-08-14,Penco,camion_ligero,25.06,13.38,4,16,0.7789,3880.0,1.21
2024-00826,2024-08-14,Penco,camion_ligero,12.82,53.47,8,7,0.9073,4030.0,1.015
2024-00678,2024-08-15,San Pedro de la Paz,furgon,13.86,30.45,5,19,0.4246,5024.0,1.136
2024-00159,2024-08-16,Florida,furgon,10.81,16.98,6,8,0.7643,5638.0,1.214
2024-00064,2024-08-16,Concepcion,moto,26.23,11.24,1,17,0.5955,2791.0,1.006
2024-00473,2024-08-16,Hualqui,moto,16.72,16.91,8,16,0.6197,2677.0,0.526
2024-00643,2024-08-17,Florida,camion_ligero,13.58,21.0,3,17,0.4179,4574.0,1.12
2024-00476,2024-08-17,Tome,furgon,13.09,43.92,7,19,0.5299,5009.0,1.202
2024-00964,2024-08-17,Concepcion,furgon,17.67,10.01,2,8,0.5267,3443.0,0.917
2024-00288,2024-08-18,Coronel,furgon,22.28,12.63,1,16,0.958,3623.0,0.845
2024-00189,2024-08-18,Coronel,camion_ligero,17.59,8.0,3,17,0.6091,6558.0,1.375
2024-00871,2024-08-19,Talcahuano,camion_ligero,14.54,50.59,6,11,0.4273,6058.0,1.185
2024-01040,2024-08-19,Tome,furgon,13.66,14.04,8,19,0.6316,4827.0,1.077
2024-00284,2024-08-19,Tome,furgon,12.11,14.59,4,15,0.9212,1120.0,0.459
2024-00839,2024-08-20,Hualpen,moto,13.18,12.07,4,11,0.9378,521.0,0.353
2024-00861,2024-08-20,Penco,camion_ligero,11.47,5.98,8,8,0.6823,3567.0,0.995
2024-01011,2024-08-20,Coronel,furgon,18.3,23.35,3,9,0.5861,5753.0,1.133
2024-00484,2024-08-20,Concepcion,furgon,25.7,20.47,6,10,0.4853,5417.0,1.219
2024-01160,2024-08-20,Concepcion,moto,15.23,12.39,7,7,0.7164,3405.0,0.903
2024-00206,2024-08-21,San Pedro de la Paz,moto,13.65,10.4,5,16,0.5045,2497.0,0.551
2024-00179,2024-08-21,Coronel,moto,17.97,4.84,4,6,1.0,2716.0,0.716
2024-00299,2024-08-21,Hualqui,furgon,24.49,15.71,8,8,0.7322,5563.0,1.451
2024-00865,2024-08-21,Coronel,camion_ligero,16.35,29.59,2,12,0.7653,3716.0,0.961
2024-01171,2024-08-21,Hualqui,camion_ligero,10.67,13.16,5,7,0.7921,3097.0,0.806
2024-01117,2024-08-22,Lota,camion_ligero,12.9,5.58,2,17,0.6285,4621.0,1.18
2024-00331,2024-08-22,Lota,moto,22.95,31.0,8,10,0.5045,2958.0,1.023
2024-00050,2024-08-23,San Pedro de la Paz,moto,14.37,7.6,4,15,0.4563,3313.0,0.663
2024-00063,2024-08-23,Santa Juana,furgon,14.21,17.3,6,9,0.6006,4440.0,1.069
2024-00543,2024-08-24,Florida,furgon,18.61,5.36,7,11,0.5334,4846.0,1.004
2024-00450,2024-08-24,Santa Juana,furgon,23.06,9.69,4,15,0.5637,3889.0,1.113
2024-01125,2024-08-24,San Pedro de la Paz,furgon,21.07,5.69,8,18,0.691,4891.0,1.284
2024-00378,2024-08-24,Hualqui,moto,24.13,8.76,2,9,0.7013,2924.0,0.657
2024-00411,2024-08-24,San Pedro de la Paz,moto,10.06,27.94,1,7,0.601,1511.0,0.325
2024-01022,2024-08-25,Lota,camion_ligero,19.52,4.52,3,16,0.6333,4412.0,0.931
2024-00541,2024-08-25,Penco,furgon,21.27,29.19,6,19,0.9531,2325.0,0.99
2024-00483,2024-08-25,Lota,furgon,2.19,15.78,5,10,0.6808,972.0,0.218
2024-00076,2024-08-27,Florida,furgon,29.12,26.08,6,11,0.7969,5814.0,1.409
2024-00874,2024-08-28,Hualpen,furgon,15.93,18.6,6,17,0.5713,4920.0,1.292
2024-00429,2024-08-28,Hualqui,moto,22.38,11.3,1,15,0.7162,2520.0,0.394
2024-00155,2024-08-28,Hualqui,camion_ligero,16.24,18.36,2,6,0.7724,4628.0,1.191
2024-00809,2024-08-28,Lota,furgon,11.88,30.9,4,7,0.9528,3089.0,0.817
2024-00868,2024-08-29,Concepcion,furgon,14.3,37.21,3,14,0.6271,2766.0,0.581
2024-00120,2024-08-29,Florida,moto,9.71,54.91,1,13,0.8799,2524.0,0.454
2024-01150,2024-08-29,San Pedro de la Paz,furgon,16.31,8.81,7,18,0.7801,3457.0,0.826
2024-00246,2024-08-29,Chiguayante,moto,22.87,25.52,1,13,0.5814,2390.0,0.624
2024-00223,2024-08-29,Hualqui,camion_ligero,22.31,11.9,1,13,0.5616,3380.0,0.682
2024-00073,2024-08-29,Hualpen,camion_ligero,29.98,8.13,6,19,0.6644,8123.0,1.968
2024-00359,2024-08-30,Penco,furgon,15.09,12.05,7,14,0.477,2958.0,0.738
2024-00380,2024-08-30,Lota,camion_ligero,25.31,25.97,4,19,0.5319,7452.0,1.535
2024-00902,2024-08-31,Penco,moto,22.17,24.03,3,18,0.542,6065.0,1.406
2024-00739,2024-08-31,Florida,moto,15.32,17.6,1,16,0.8913,1692.0,0.44
2024-00250,2024-08-31,Tome,moto,10.0,8.9,7,13,0.663,3607.0,0.824
2024-00691,2024-09-01,Concepcion,furgon,11.44,14.98,4,11,0.4456,2539.0,0.547
2024-00478,2024-09-01,Lota,camion_ligero,14.32,18.96,1,7,0.7776,3736.0,1.106
2024-00098,2024-09-01,Hualpen,camion_ligero,20.24,15.75,3,9,0.7955,7807.0,1.456
2024-00461,2024-09-02,Talcahuano,moto,25.27,24.06,8,17,0.3735,5635.0,1.514
2024-00623,2024-09-02,Lota,moto,20.39,20.06,7,12,0.849,2305.0,0.689
2024-00611,2024-09-02,Florida,camion_ligero,26.16,7.22,5,8,0.7924,7597.0,1.705
2024-00493,2024-09-03,Santa Juana,furgon,23.26,33.11,7,11,0.761,3542.0,1.14
2024-00546,2024-09-03,Santa Juana,moto,14.85,55.34,8,17,0.7702,4551.0,1.129
2024-00412,2024-09-03,Chiguayante,furgon,17.36,75.38,1,16,0.4524,3222.0,1.069
2024-00187,2024-09-03,Talcahuano,camion_ligero,19.79,18.82,3,15,0.6651,3483.0,0.978
2024-01159,2024-09-03,Hualqui,moto,22.94,8.8,5,15,0.4773,3389.0,0.82
2024-00883,2024-09-04,Talcahuano,camion_ligero,19.52,19.53,6,13,0.891,5060.0,1.069
2024-00858,2024-09-04,Talcahuano,moto,22.08,17.81,7,11,0.7798,3638.0,0.718
2024-01025,2024-09-05,Talcahuano,furgon,19.6,6.95,7,18,0.4849,4519.0,1.317
2024-00071,2024-09-05,Hualpen,furgon,11.13,16.05,5,15,0.8737,1558.0,0.581
2024-00154,2024-09-06,Lota,camion_ligero,20.13,19.13,4,16,0.5347,4348.0,1.132
2024-00976,2024-09-06,Coronel,moto,16.91,15.2,6,7,0.289,5820.0,1.286
2024-00953,2024-09-07,Penco,camion_ligero,16.82,12.32,8,9,0.5087,6298.0,1.537
2024-00217,2024-09-07,Chiguayante,furgon,20.48,17.75,5,6,0.2952,4255.0,0.92
2024-00010,2024-09-08,Lota,furgon,19.87,55.39,1,17,0.4245,5757.0,1.232
2024-00318,2024-09-08,Lota,furgon,14.45,50.19,3,14,0.5059,3300.0,0.753
2024-00681,2024-09-08,Hualpen,moto,21.54,6.99,6,15,0.5149,5069.0,1.14
2024-00410,2024-09-08,Coronel,furgon,21.35,9.67,7,16,0.4644,4723.0,1.1
2024-00129,2024-09-09,Hualqui,furgon,10.75,5.5,1,10,0.6571,1523.0,0.182
2024-00241,2024-09-09,Tome,moto,3.86,18.24,4,9,0.6544,357.0,0.204
2024-00892,2024-09-10,Chiguayante,moto,17.98,32.12,5,13,0.5625,964.0,0.437
2024-00346,2024-09-10,Florida,moto,26.09,82.09,2,14,0.693,4903.0,1.141
2024-00891,2024-09-10,Penco,furgon,21.82,11.67,2,18,0.6588,2753.0,0.722
2024-00574,2024-09-10,Penco,moto,5.84,20.58,3,11,0.9092,759.0,0.15
2024-00234,2024-09-11,Chiguayante,moto,17.89,19.48,5,15,0.5514,3054.0,0.81
2024-00811,2024-09-11,Lota,furgon,15.43,13.7,2,10,0.666,4274.0,0.805
2024-00565,2024-09-11,Chiguayante,moto,18.63,8.35,1,15,0.5648,1314.0,0.459
2024-00673,2024-09-11,Hualqui,furgon,21.39,27.67,7,10,0.868,4680.0,1.036
2024-00561,2024-09-12,Talcahuano,camion_ligero,8.16,5.84,4,7,0.547,2072.0,0.602
2024-00969,2024-09-12,Penco,camion_ligero,23.35,22.47,3,15,0.4052,4930.0,1.059
2024-00403,2024-09-12,Tome,furgon,12.01,9.61,3,12,0.8377,2780.0,0.579
2024-00852,2024-09-12,Coronel,moto,21.87,7.24,4,7,0.4698,4419.0,1.049
2024-00261,2024-09-13,Chiguayante,furgon,31.11,3.91,1,17,0.766,6009.0,1.564
2024-01081,2024-09-13,Penco,moto,21.1,24.1,3,8,0.2537,4041.0,1.02
2024-00458,2024-09-14,Hualqui,furgon,15.94,13.05,2,7,0.4893,3979.0,0.914
2024-00437,2024-09-14,Santa Juana,camion_ligero,17.17,15.5,5,9,0.3782,4731.0,1.172
2024-00736,2024-09-14,Santa Juana,moto,24.56,28.26,3,15,0.8589,2806.0,0.888
2024-00218,2024-09-14,Coronel,furgon,24.59,25.42,7,10,0.4896,6699.0,1.501
2024-00017,2024-09-15,Florida,furgon,16.28,20.39,8,13,0.9351,4248.0,0.955
2024-00992,2024-09-15,Chiguayante,moto,15.65,10.19,1,6,0.4879,2916.0,0.757
2024-00608,2024-09-15,Hualpen,camion_ligero,13.06,7.82,8,12,0.6481,4337.0,0.917
2024-00396,2024-09-16,Lota,camion_ligero,31.94,4.96,8,10,0.6474,6900.0,1.677
2024-00003,2024-09-16,Talcahuano,moto,37.34,7.67,6,16,0.7421,2745.0,0.943
2024-00604,2024-09-16,Florida,moto,23.62,7.22,6,6,0.5789,3140.0,0.925
2024-00803,2024-09-16,Talcahuano,moto,18.68,36.14,6,19,0.4801,4287.0,1.102
2024-00177,2024-09-16,Penco,moto,17.87,19.75,3,8,0.6017,3201.0,0.727
2024-00582,2024-09-16,Hualpen,moto,13.68,24.25,4,9,0.5645,1814.0,0.633
2024-01152,2024-09-17,Florida,moto,14.08,34.27,1,10,0.8538,2307.0,0.63
2024-00986,2024-09-17,Lota,furgon,7.98,11.7,8,16,0.6135,3798.0,0.823
2024-00079,2024-09-18,Coronel,camion_ligero,8.56,20.6,5,11,0.491,1573.0,0.485
2024-00672,2024-09-18,Santa Juana,moto,15.75,2.37,4,9,0.7373,3943.0,0.904
2024-00274,2024-09-19,Concepcion,moto,25.58,29.98,7,13,0.7475,4937.0,1.163
2024-00020,2024-09-19,Hualpen,furgon,21.96,26.95,3,18,0.8154,4179.0,1.037
2024-00885,2024-09-19,Hualpen,furgon,19.4,23.68,2,12,0.5533,3502.0,0.769
2024-00434,2024-09-19,Concepcion,moto,27.61,11.19,6,12,0.5711,3630.0,0.984
2024-00935,2024-09-19,Lota,furgon,19.01,36.93,4,10,0.6732,5125.0,1.068
2024-00727,2024-09-20,Lota,moto,18.0,20.62,7,11,0.4867,4066.0,0.99
2024-00417,2024-09-20,Hualpen,furgon,20.49,7.03,1,18,0.5242,4106.0,0.996
2024-00854,2024-09-21,Tome,moto,14.96,29.13,5,19,0.7622,4051.0,1.138
2024-00905,2024-09-21,Coronel,furgon,17.23,40.46,7,7,0.4563,4671.0,1.124
2024-00008,2024-09-21,Coronel,moto,12.21,27.76,7,9,0.8537,2873.0,0.692
2024-01023,2024-09-21,Santa Juana,furgon,16.49,11.21,8,12,0.7238,4556.0,1.001
2024-00325,2024-09-21,Lota,moto,9.56,30.93,1,17,0.8949,2895.0,0.658
2024-00075,2024-09-22,Hualpen,camion_ligero,20.66,7.5,6,6,0.8529,2458.0,0.817
2024-00200,2024-09-22,Concepcion,moto,17.0,24.41,3,11,0.5575,3438.0,0.738
2024-00958,2024-09-22,Talcahuano,furgon,21.45,8.64,3,6,0.4164,3177.0,0.94
2024-00988,2024-09-23,Tome,furgon,15.92,41.16,4,12,0.5713,4286.0,0.993
2024-00726,2024-09-23,Talcahuano,camion_ligero,21.07,16.62,2,11,0.5563,5464.0,1.421
2024-00358,2024-09-23,Coronel,moto,18.67,19.77,7,12,0.4268,2204.0,0.816
2024-00337,2024-09-23,Santa Juana,camion_ligero,26.88,17.41,4,11,0.6389,6658.0,1.686
2024-01121,2024-09-25,Chiguayante,moto,2.0,20.39,1,14,0.7382,2159.0,0.52
2024-00967,2024-09-25,Penco,furgon,19.77,27.05,4,12,0.4865,3967.0,1.146
2024-00636,2024-09-26,Coronel,furgon,18.66,21.55,4,7,0.4478,4569.0,1.0
2024-00466,2024-09-26,Coronel,moto,22.61,21.04,5,10,0.7951,3293.0,0.621
2024-00939,2024-09-27,Hualpen,furgon,24.65,26.93,3,12,0.5394,3934.0,0.975
2024-00166,2024-09-27,Penco,furgon,14.86,1.86,2,19,0.5497,5328.0,1.149
2024-00078,2024-09-27,Florida,moto,22.9,30.75,7,8,0.6938,5813.0,1.425
2024-00497,2024-09-27,Concepcion,furgon,7.65,27.58,2,9,0.3702,3767.0,0.752
2024-00878,2024-09-27,Hualpen,furgon,12.41,46.47,2,12,0.5726,4288.0,0.822
2024-00767,2024-09-27,Florida,furgon,15.45,14.32,7,11,0.3716,4063.0,1.007
2024-00573,2024-09-28,San Pedro de la Paz,furgon,18.16,12.33,3,9,0.6593,5931.0,1.189
2024-00575,2024-09-28,Lota,furgon,14.72,6.27,5,13,0.5718,5378.0,1.199
2024-00723,2024-09-28,Santa Juana,camion_ligero,18.15,22.14,3,17,0.7622,4966.0,0.931
2024-01166,2024-09-28,Hualqui,moto,21.96,8.0,4,11,0.447,2243.0,0.808
2024-00373,2024-09-28,Florida,furgon,17.59,20.94,3,6,0.7894,4416.0,0.786
2024-00435,2024-09-28,Coronel,moto,11.67,9.81,6,9,0.9952,2579.0,0.739
2024-00105,2024-09-28,Chiguayante,furgon,13.76,11.7,2,13,0.5748,2118.0,0.652
2024-00897,2024-09-28,Hualpen,furgon,4.37,22.14,1,15,0.2704,2539.0,0.47
2024-00560,2024-09-29,Florida,camion_ligero,26.86,29.58,7,13,0.7273,6335.0,1.315
2024-00968,2024-09-29,Chiguayante,camion_ligero,6.08,9.69,6,7,0.5343,1220.0,0.481
2024-00698,2024-09-29,Hualpen,moto,22.49,37.72,7,15,0.8229,3488.0,0.994
2024-00887,2024-09-29,Concepcion,furgon,20.46,30.03,8,10,0.5154,6249.0,1.486
2024-00906,2024-09-29,Florida,moto,22.68,32.96,1,9,0.6822,4026.0,1.075
2024-00053,2024-09-30,Hualqui,camion_ligero,9.99,15.21,2,11,0.55,2084.0,0.742
2024-00956,2024-09-30,Tome,camion_ligero,20.57,22.7,2,19,0.6318,5554.0,1.326
2024-00515,2024-09-30,Talcahuano,furgon,12.19,6.99,7,19,0.5541,3888.0,0.982
2024-00225,2024-09-30,San Pedro de la Paz,moto,13.32,13.44,6,16,0.9329,1934.0,0.431
2024-00996,2024-09-30,Hualpen,moto,22.24,1.82,1,6,0.6944,3608.0,0.685
2024-01067,2024-10-01,Penco,moto,14.06,16.66,5,9,0.6419,2801.0,0.679
2024-00855,2024-10-01,Santa Juana,moto,25.23,28.59,3,17,0.6151,4871.0,1.192
2024-00525,2024-10-01,Coronel,furgon,20.94,21.55,1,17,0.8257,5024.0,1.099
2024-00509,2024-10-02,Chiguayante,moto,10.99,5.3,1,8,0.4888,1746.0,0.469
2024-01028,2024-10-02,Hualqui,furgon,2.39,5.12,5,9,0.6735,1796.0,0.399
2024-00444,2024-10-02,Talcahuano,moto,19.54,33.63,5,16,0.5379,2229.0,0.827
2024-01016,2024-10-02,Hualpen,camion_ligero,27.2,8.29,4,6,0.5558,6076.0,1.452
2024-00554,2024-10-02,Tome,furgon,14.45,2.12,7,7,0.461,4120.0,0.987
2024-00752,2024-10-02,Hualpen,furgon,14.48,23.65,8,6,0.7452,3487.0,0.77
2024-00097,2024-10-02,Hualqui,furgon,12.95,18.77,2,12,0.6467,3369.0,0.818
2024-00655,2024-10-02,Concepcion,furgon,25.39,37.93,4,14,0.5983,2985.0,0.852
2024-00136,2024-10-03,Coronel,moto,16.4,10.85,4,14,0.3977,3528.0,0.684
2024-00635,2024-10-04,Coronel,furgon,16.32,8.95,7,16,0.8845,4859.0,0.951
2024-00796,2024-10-04,Hualpen,camion_ligero,26.21,8.08,7,6,0.6411,6819.0,1.502
2024-00587,2024-10-04,Hualqui,moto,12.51,11.76,8,12,0.6458,2002.0,0.632
2024-00307,2024-10-05,Santa Juana,moto,15.52,20.16,8,13,0.6424,2427.0,0.633
2024-00888,2024-10-05,Coronel,camion_ligero,14.15,32.75,7,15,0.5262,2948.0,0.859
2024-01132,2024-10-06,Chiguayante,moto,8.35,20.64,3,19,0.1334,1516.0,0.396
2024-00595,2024-10-06,Talcahuano,camion_ligero,17.86,14.78,3,14,0.4465,4646.0,0.948
2024-01080,2024-10-06,Florida,furgon,23.15,14.25,8,18,0.4298,7352.0,1.637
2024-00487,2024-10-06,Santa Juana,furgon,10.3,25.91,3,11,0.5686,1915.0,0.281
2024-00190,2024-10-07,Talcahuano,moto,21.23,31.16,4,11,0.726,3025.0,0.696
2024-01076,2024-10-07,Florida,furgon,14.31,21.6,7,16,0.7196,4267.0,1.01
2024-00442,2024-10-07,Penco,moto,18.38,14.29,7,13,0.6239,3233.0,0.942
2024-00253,2024-10-07,Concepcion,furgon,19.03,16.62,5,17,0.7812,4026.0,1.108
2024-00077,2024-10-07,Concepcion,furgon,9.12,10.13,5,16,0.6108,3294.0,0.651
2024-01161,2024-10-08,Talcahuano,furgon,9.09,26.71,4,11,0.515,3178.0,0.802
2024-00286,2024-10-09,Lota,moto,21.09,12.91,5,13,0.3287,3359.0,0.692
2024-00236,2024-10-09,Tome,moto,24.12,28.27,4,13,0.5729,4556.0,0.867
2024-00622,2024-10-09,Santa Juana,furgon,30.07,3.67,2,19,0.6509,6004.0,1.634
2024-01041,2024-10-10,Hualpen,furgon,16.04,24.68,5,14,0.8193,2145.0,0.678
2024-01054,2024-10-10,San Pedro de la Paz,camion_ligero,19.57,20.34,6,15,0.6488,4012.0,1.07
2024-00947,2024-10-10,Florida,moto,15.85,24.58,4,14,0.4605,3366.0,0.745
2024-00599,2024-10-10,Lota,moto,6.17,15.34,4,18,0.7451,2366.0,0.573
2024-00837,2024-10-11,Coronel,furgon,17.29,25.73,1,19,0.4214,4213.0,0.852
2024-00172,2024-10-11,Hualqui,camion_ligero,21.02,3.93,3,16,0.5216,4159.0,1.098
2024-00524,2024-10-12,Coronel,camion_ligero,16.43,19.24,6,18,0.8052,4608.0,1.158
2024-00451,2024-10-12,Hualqui,furgon,20.27,47.6,4,12,1.0,3088.0,0.848
2024-00174,2024-10-12,Hualpen,camion_ligero,15.78,22.89,6,7,0.9335,5220.0,0.996
2024-00831,2024-10-12,Hualqui,moto,21.37,13.84,2,10,0.6582,3656.0,0.957
2024-00277,2024-10-12,Penco,furgon,21.91,9.75,5,10,0.7782,2451.0,0.749
2024-00297,2024-10-12,Lota,camion_ligero,21.17,7.27,8,9,0.7165,4426.0,1.404
2024-00553,2024-10-13,Santa Juana,moto,16.77,10.64,5,14,0.618,3801.0,0.799
2024-00309,2024-10-14,Tome,furgon,20.05,3.45,3,8,0.5943,1774.0,0.908
2024-00096,2024-10-14,Hualpen,furgon,11.63,26.8,3,7,0.2837,4110.0,1.039
2024-00974,2024-10-14,Chiguayante,furgon,20.28,11.36,3,7,0.6663,3600.0,1.021
2024-01019,2024-10-15,San Pedro de la Paz,furgon,32.46,39.6,8,6,0.5383,8542.0,1.769
2024-01109,2024-10-15,Coronel,moto,15.78,8.56,6,15,0.5161,3009.0,0.587
2024-00145,2024-10-15,Santa Juana,camion_ligero,17.26,18.04,4,6,0.4832,4502.0,1.057
2024-01038,2024-10-15,Hualpen,furgon,16.25,12.79,1,10,0.5429,2808.0,0.783
2024-00237,2024-10-15,Santa Juana,furgon,18.27,15.45,4,19,0.821,4576.0,1.069
2024-00054,2024-10-15,Tome,furgon,10.35,9.36,1,9,0.2765,1786.0,0.512
2024-00344,2024-10-15,Coronel,furgon,18.62,21.7,5,8,0.6003,4688.0,1.267
2024-00743,2024-10-16,Concepcion,moto,15.75,7.2,2,18,0.3022,4437.0,0.863
2024-00539,2024-10-16,Hualpen,furgon,16.17,43.83,3,18,0.6594,4949.0,1.152
2024-01000,2024-10-16,Concepcion,moto,11.32,2.48,1,10,0.2693,1551.0,0.545
2024-01033,2024-10-17,Hualpen,moto,21.3,5.7,5,15,0.6666,1702.0,0.632
2024-00216,2024-10-17,Lota,furgon,20.3,20.19,2,7,0.3514,3488.0,1.026
2024-00356,2024-10-17,Talcahuano,moto,24.17,22.7,2,10,0.5638,4592.0,0.948
2024-00391,2024-10-18,Santa Juana,furgon,17.99,6.32,5,13,0.7799,2854.0,0.673
2024-00984,2024-10-18,Hualpen,furgon,8.85,9.15,1,10,0.8202,1648.0,0.565
2024-00381,2024-10-19,Hualpen,moto,16.58,30.52,4,6,0.7668,3277.0,0.488
2024-00797,2024-10-19,Penco,moto,17.15,47.51,2,10,0.7631,2051.0,0.785
2024-00264,2024-10-19,San Pedro de la Paz,furgon,13.29,21.8,3,12,0.4352,3752.0,0.692
2024-01137,2024-10-19,San Pedro de la Paz,moto,20.15,42.97,4,16,0.5395,5104.0,0.968
2024-00966,2024-10-19,Chiguayante,furgon,29.15,23.61,5,14,0.6249,5317.0,1.441
2024-00830,2024-10-19,Hualqui,furgon,18.81,17.97,7,7,0.9185,5729.0,1.297
2024-00765,2024-10-19,Lota,furgon,20.72,21.82,1,18,0.8503,3124.0,0.933
2024-00191,2024-10-21,San Pedro de la Paz,moto,12.06,21.46,2,10,0.6409,1290.0,0.451
2024-00519,2024-10-21,Chiguayante,moto,27.33,9.39,2,14,0.5127,3717.0,0.767
2024-00674,2024-10-21,Concepcion,moto,21.95,15.16,5,19,0.7617,3214.0,0.724
2024-00243,2024-10-21,Hualpen,furgon,22.58,40.5,5,18,0.4881,4923.0,1.221
2024-00566,2024-10-22,Florida,moto,19.35,25.99,7,11,0.5776,2904.0,0.904
2024-00204,2024-10-22,Santa Juana,moto,13.47,14.94,7,16,0.6177,3856.0,0.66
2024-00931,2024-10-23,Lota,furgon,13.34,13.97,3,15,0.4361,4525.0,0.95
2024-00446,2024-10-23,Hualpen,moto,2.0,29.81,6,7,0.9749,88.0,0.207
2024-00680,2024-10-23,Hualqui,camion_ligero,13.01,24.75,3,9,0.8559,5364.0,0.998
2024-00707,2024-10-24,Lota,moto,35.39,9.71,1,8,0.7373,3663.0,1.062
2024-00453,2024-10-24,San Pedro de la Paz,furgon,16.68,7.89,4,15,0.3877,4012.0,0.903
2024-00162,2024-10-24,Lota,moto,13.54,12.05,4,13,0.5344,2263.0,0.446
2024-00184,2024-10-24,Tome,furgon,12.71,29.31,4,17,0.3154,4045.0,0.922
2024-00649,2024-10-25,Hualqui,moto,25.89,25.1,7,7,0.5969,4701.0,1.342
2024-00220,2024-10-25,Santa Juana,camion_ligero,15.62,28.52,7,8,0.4577,5980.0,1.417
2024-00971,2024-10-25,Lota,furgon,19.43,14.2,3,15,0.3149,3978.0,1.118
2024-00093,2024-10-25,Hualpen,furgon,23.86,39.1,7,13,0.737,4941.0,1.162
2024-00228,2024-10-25,Hualpen,furgon,21.1,18.12,8,17,0.6449,6041.0,1.462
2024-01185,2024-10-26,Hualpen,camion_ligero,21.37,35.81,7,15,0.7329,7034.0,1.376
2024-01123,2024-10-26,Concepcion,moto,17.17,10.74,5,8,0.4115,4067.0,1.027
2024-00705,2024-10-26,Lota,moto,10.93,14.03,2,9,0.6254,2297.0,0.324
2024-01114,2024-10-27,Coronel,moto,24.29,12.01,1,13,0.4186,1556.0,0.594
2024-00137,2024-10-27,Santa Juana,furgon,18.55,31.61,4,7,0.435,3863.0,1.078
2024-00131,2024-10-28,Hualpen,furgon,16.32,51.57,2,13,0.6465,3118.0,0.798
2024-00212,2024-10-28,Santa Juana,furgon,18.61,27.94,7,17,0.4679,5603.0,1.468
2024-00394,2024-10-29,San Pedro de la Paz,moto,30.3,43.01,7,6,0.301,7032.0,1.522
2024-00899,2024-10-29,Concepcion,furgon,17.01,33.41,6,15,0.9269,3267.0,0.91
2024-00156,2024-10-30,Penco,furgon,19.61,23.13,8,18,0.4194,5023.0,1.393
2024-01138,2024-10-30,Hualqui,furgon,13.14,7.62,6,9,0.8503,2699.0,0.689
2024-01008,2024-10-30,Chiguayante,furgon,7.94,12.04,4,17,0.6087,2335.0,0.62
2024-00150,2024-10-31,Santa Juana,moto,15.49,41.43,1,12,0.559,3819.0,0.824
2024-00818,2024-10-31,Penco,moto,4.78,17.02,6,15,0.5797,2438.0,0.597
2024-00021,2024-10-31,Talcahuano,moto,19.61,3.27,3,10,0.8657,1332.0,0.592
2024-01104,2024-11-01,Concepcion,moto,10.96,4.14,2,14,0.8224,900.0,0.296
2024-00875,2024-11-01,Santa Juana,furgon,15.87,29.14,5,19,0.55,6625.0,1.209
2024-00460,2024-11-01,Florida,furgon,21.59,10.33,7,14,0.5412,4547.0,1.286
2024-00041,2024-11-02,Santa Juana,furgon,21.99,10.08,2,11,0.4873,3752.0,0.99
2024-00345,2024-11-02,Hualqui,furgon,10.3,68.32,4,6,0.7735,2768.0,0.627
2024-00533,2024-11-02,Concepcion,furgon,23.97,12.1,2,13,0.6823,3755.0,0.974
2024-00959,2024-11-02,Coronel,moto,23.97,8.62,4,7,0.6838,5026.0,1.041
2024-00789,2024-11-02,Talcahuano,camion_ligero,16.71,29.61,6,13,0.6738,5775.0,1.393
2024-01189,2024-11-02,Tome,moto,21.67,5.27,7,7,0.9381,4606.0,1.105
2024-00454,2024-11-03,San Pedro de la Paz,furgon,24.74,13.43,2,10,0.6518,3110.0,0.832
2024-00514,2024-11-03,Lota,furgon,24.59,23.05,4,13,0.8262,3170.0,0.826
2024-00040,2024-11-04,Hualqui,furgon,20.14,2.87,3,8,0.6103,3253.0,0.749
2024-00849,2024-11-05,Florida,camion_ligero,15.59,13.55,8,16,0.5013,6142.0,1.381
2024-00801,2024-11-05,Hualpen,moto,20.67,12.91,5,9,0.644,4523.0,0.853
2024-00766,2024-11-06,Hualpen,moto,20.04,33.67,7,14,0.3861,5172.0,1.243
2024-00759,2024-11-06,Lota,furgon,12.97,17.28,2,11,0.6439,3733.0,0.549
2024-00522,2024-11-07,Coronel,camion_ligero,18.09,11.77,5,11,0.8878,3920.0,1.079
2024-00219,2024-11-07,Santa Juana,moto,17.53,9.23,1,6,0.8142,2418.0,0.582
2024-00975,2024-11-07,Chiguayante,furgon,15.64,13.01,7,13,0.7972,3043.0,0.857
2024-00598,2024-11-08,Lota,furgon,18.14,6.14,7,14,0.6239,5366.0,1.169
2024-00039,2024-11-08,Concepcion,moto,29.64,17.54,8,15,0.437,5904.0,1.238
2024-00439,2024-11-08,Hualqui,furgon,19.73,36.0,7,15,0.8294,4829.0,1.111
2024-00618,2024-11-09,Chiguayante,furgon,17.57,33.04,4,6,0.6481,3205.0,0.834
2024-00088,2024-11-10,Florida,furgon,12.65,1.03,6,14,0.8653,2210.0,0.737
2024-00355,2024-11-10,Hualpen,furgon,26.5,38.15,4,6,0.5042,5656.0,1.363
2024-00980,2024-11-10,Florida,moto,19.91,16.74,2,18,0.7668,4562.0,0.881
2024-00989,2024-11-10,Talcahuano,moto,15.3,32.83,4,19,0.504,3791.0,0.9
2024-01177,2024-11-11,Coronel,camion_ligero,14.04,18.26,4,6,0.6657,2492.0,0.653
2024-00415,2024-11-11,Talcahuano,camion_ligero,13.8,2.55,5,12,0.4354,3976.0,0.881
2024-00821,2024-11-12,Penco,moto,23.45,16.89,3,7,0.6082,2628.0,0.865
2024-01088,2024-11-12,Santa Juana,moto,11.55,54.92,7,16,0.4763,4713.0,1.156
2024-00710,2024-11-12,Santa Juana,furgon,21.27,10.69,4,10,0.2406,3391.0,0.998
2024-00879,2024-11-12,Hualpen,camion_ligero,11.53,11.29,8,6,0.6011,2443.0,0.846
2024-00485,2024-11-12,Tome,furgon,4.66,17.66,2,13,0.4584,881.0,0.15
2024-00395,2024-11-14,Tome,moto,17.92,6.45,2,8,0.6676,1982.0,0.535
2024-00171,2024-11-14,Florida,furgon,18.73,11.54,6,8,0.0796,5459.0,1.2
2024-00068,2024-11-14,Hualqui,camion_ligero,15.24,18.97,4,9,0.4113,6539.0,1.398
2024-01083,2024-11-14,Chiguayante,moto,17.29,21.53,1,11,0.6732,2471.0,0.452
2024-00419,2024-11-14,San Pedro de la Paz,furgon,22.93,26.6,5,10,0.5856,4648.0,0.832
2024-00764,2024-11-15,San Pedro de la Paz,moto,15.71,29.85,6,9,0.6294,4649.0,0.823
2024-01032,2024-11-15,Coronel,moto,12.88,17.12,4,18,0.6806,2794.0,0.73
2024-00428,2024-11-16,Hualqui,furgon,14.88,16.69,7,15,0.4638,4662.0,1.149
2024-00843,2024-11-16,Chiguayante,furgon,31.16,10.35,4,14,0.6329,5357.0,1.21
2024-00758,2024-11-16,Florida,camion_ligero,16.73,18.34,7,19,0.8275,6267.0,1.29
2024-01007,2024-11-16,Chiguayante,moto,17.82,8.45,7,12,0.5429,5165.0,1.173
2024-00254,2024-11-16,Penco,furgon,26.44,2.32,3,10,1.0,5267.0,1.119
2024-00038,2024-11-16,Florida,camion_ligero,35.18,16.95,5,10,0.3133,10754.0,2.176
2024-00386,2024-11-16,Penco,camion_ligero,28.31,8.96,1,11,0.6952,5089.0,1.417
2024-01187,2024-11-16,Hualqui,furgon,14.09,46.0,1,17,0.8544,3774.0,0.929
2024-00714,2024-11-17,Lota,moto,21.86,7.84,3,18,0.4733,2789.0,0.847
2024-00770,2024-11-17,Chiguayante,moto,29.44,20.68,1,14,0.8413,1592.0,0.695
2024-00738,2024-11-17,Hualpen,furgon,20.21,21.25,3,19,0.691,4861.0,1.139
2024-01183,2024-11-17,San Pedro de la Paz,camion_ligero,21.71,27.93,4,13,0.776,5616.0,1.214
2024-01192,2024-11-18,Tome,moto,30.41,4.46,3,15,0.8046,4272.0,1.026
2024-00033,2024-11-19,Concepcion,moto,17.44,10.6,1,14,0.7594,1502.0,0.43
2024-00508,2024-11-19,Santa Juana,furgon,3.06,12.88,7,12,0.5403,421.0,0.275
2024-00547,2024-11-19,Lota,furgon,29.71,19.14,5,15,0.6652,3526.0,1.034
2024-00781,2024-11-19,Concepcion,moto,29.84,19.77,3,12,0.8426,3096.0,0.865
2024-00004,2024-11-20,Hualqui,furgon,12.66,17.95,3,9,0.6408,2733.0,0.804
2024-00639,2024-11-21,Coronel,camion_ligero,19.65,9.99,5,11,0.7039,3697.0,0.858
2024-00113,2024-11-21,Tome,furgon,3.89,24.51,6,16,0.609,464.0,0.188
2024-01024,2024-11-21,Hualpen,furgon,14.54,14.71,4,7,0.5792,5260.0,1.081
2024-00285,2024-11-21,Talcahuano,camion_ligero,24.01,32.15,2,7,0.5606,5978.0,1.595
2024-00978,2024-11-22,Hualpen,moto,17.25,13.2,2,6,0.3963,3333.0,0.684
2024-00056,2024-11-22,Coronel,camion_ligero,31.27,27.38,4,10,0.5037,9319.0,1.958
2024-00197,2024-11-23,Lota,furgon,13.5,26.0,7,17,0.7759,3625.0,0.882
2024-00985,2024-11-23,Penco,furgon,20.88,30.37,3,12,0.7176,3328.0,0.738
2024-00556,2024-11-24,Concepcion,furgon,25.21,8.54,4,17,0.5154,7002.0,1.374
2024-00653,2024-11-24,Coronel,moto,21.2,19.51,7,16,0.5356,4323.0,1.06
2024-00066,2024-11-24,Talcahuano,moto,26.81,15.53,6,14,0.581,4803.0,1.038
2024-01122,2024-11-24,Hualpen,camion_ligero,9.8,26.91,3,14,0.6272,3359.0,0.85
2024-00338,2024-11-24,Penco,furgon,27.14,26.29,1,9,0.4145,8889.0,1.686
2024-00960,2024-11-25,Talcahuano,moto,20.09,50.38,4,18,0.6592,2519.0,1.044
2024-00521,2024-11-25,Talcahuano,furgon,9.24,25.87,8,11,0.5372,3510.0,0.646
2024-01141,2024-11-25,Santa Juana,camion_ligero,8.68,12.92,1,11,0.827,2963.0,0.388
2024-00224,2024-11-25,Tome,furgon,25.91,19.72,4,10,0.6861,5056.0,1.334
2024-00679,2024-11-26,Talcahuano,camion_ligero,21.69,21.84,8,11,0.6347,6027.0,1.426
2024-01052,2024-11-26,Lota,moto,17.41,39.53,5,6,0.2721,1962.0,0.778
2024-00979,2024-11-27,Hualpen,moto,19.71,6.46,7,12,0.7767,2932.0,0.93
2024-00305,2024-11-28,San Pedro de la Paz,moto,18.48,6.55,4,10,0.6121,2520.0,0.633
2024-00267,2024-11-28,Coronel,furgon,30.76,24.97,5,6,0.7993,5229.0,1.187
2024-00496,2024-11-29,Penco,furgon,22.84,7.58,8,17,0.5653,7220.0,1.64
2024-00101,2024-11-29,Florida,furgon,7.23,43.45,5,12,0.8081,2310.0,0.49
2024-00516,2024-11-29,Talcahuano,moto,17.03,19.97,6,15,0.4656,3646.0,0.736
2024-00125,2024-11-30,Lota,furgon,19.05,34.48,7,10,0.5624,3741.0,0.936
2024-00621,2024-11-30,Hualpen,moto,20.95,25.46,6,10,0.6971,2852.0,0.722
2024-00361,2024-11-30,Hualqui,furgon,12.31,16.13,2,12,0.7431,1457.0,0.431
2024-00202,2024-12-01,Hualqui,furgon,20.35,12.75,5,14,0.8212,4005.0,1.006
2024-00108,2024-12-01,Talcahuano,moto,11.18,22.13,5,17,0.6451,1740.0,0.473
2024-01044,2024-12-01,Florida,camion_ligero,6.84,17.69,3,15,0.7479,782.0,0.224
2024-00644,2024-12-01,San Pedro de la Paz,moto,16.53,44.8,4,19,0.5528,3534.0,0.78
2024-00365,2024-12-01,Penco,camion_ligero,24.7,12.56,5,8,0.1168,8687.0,1.905
2024-00147,2024-12-01,Coronel,moto,25.0,15.97,7,11,0.5837,4259.0,1.099
2024-00912,2024-12-02,Florida,moto,12.4,19.65,5,18,0.8122,4123.0,0.854
2024-00793,2024-12-02,Tome,camion_ligero,9.58,11.81,1,12,0.5717,1786.0,0.595
2024-00651,2024-12-02,Tome,moto,34.12,12.93,5,13,0.5177,3920.0,0.983
2024-00455,2024-12-02,Hualpen,camion_ligero,2.0,4.87,5,19,0.6153,1521.0,0.438
2024-00909,2024-12-03,San Pedro de la Paz,moto,10.58,43.05,1,16,0.7375,2407.0,0.403
2024-00896,2024-12-04,Penco,camion_ligero,14.17,12.11,6,13,0.7174,2545.0,0.708
2024-00431,2024-12-04,Hualqui,furgon,16.7,15.1,7,6,0.511,4766.0,1.048
2024-00366,2024-12-04,Florida,furgon,12.67,11.92,6,17,0.7812,1841.0,0.648
2024-00102,2024-12-05,Concepcion,furgon,19.22,40.34,6,19,0.7637,4046.0,1.124
2024-00919,2024-12-06,San Pedro de la Paz,furgon,24.3,36.34,1,12,0.9308,4217.0,0.862
2024-00790,2024-12-06,San Pedro de la Paz,furgon,12.8,17.48,3,9,0.8619,2454.0,0.728
2024-00175,2024-12-06,Hualpen,moto,11.97,28.85,2,13,0.8679,2894.0,0.486
2024-00808,2024-12-07,Tome,moto,22.34,37.37,6,6,0.7843,1089.0,0.573
2024-00385,2024-12-08,Talcahuano,moto,30.9,21.56,5,15,0.3628,6162.0,1.334
2024-00132,2024-12-09,Hualpen,furgon,27.33,15.27,7,12,0.2871,5895.0,1.714
2024-01149,2024-12-09,Hualqui,moto,14.61,7.68,2,11,0.5561,752.0,0.476
2024-00846,2024-12-09,Tome,camion_ligero,31.49,16.77,3,16,0.6269,7277.0,1.642
2024-00670,2024-12-10,Hualpen,moto,11.58,21.92,2,10,0.607,2413.0,0.586
2024-00011,2024-12-10,Florida,moto,2.0,36.35,6,18,0.5954,300.0,0.15
2024-00095,2024-12-10,Talcahuano,furgon,16.16,8.96,7,17,0.7997,5690.0,1.16
2024-00229,2024-12-10,Coronel,furgon,25.09,16.93,6,8,0.3938,6443.0,1.564
2024-00585,2024-12-10,Hualqui,moto,15.39,3.63,1,17,0.7688,4049.0,0.738
2024-00857,2024-12-10,Talcahuano,furgon,16.45,7.29,8,18,0.6702,3270.0,1.026
2024-00910,2024-12-11,Florida,moto,15.84,12.56,8,6,0.7587,2428.0,0.721
2024-00607,2024-12-11,Lota,moto,17.25,21.35,3,14,0.264,3496.0,0.853
2024-01092,2024-12-11,Concepcion,furgon,8.24,4.72,6,8,0.6868,3245.0,0.589
2024-00397,2024-12-11,Chiguayante,moto,14.84,20.78,7,12,0.6977,3516.0,0.751
2024-01139,2024-12-12,Hualqui,moto,18.18,11.63,6,12,0.5145,2663.0,0.82
2024-00195,2024-12-12,San Pedro de la Paz,camion_ligero,9.79,40.1,2,19,0.5651,1992.0,0.534
2024-01157,2024-12-12,Hualqui,furgon,14.25,16.38,7,19,0.703,3810.0,1.015
2024-00690,2024-12-12,Hualpen,camion_ligero,9.87,19.11,8,19,0.4954,2974.0,0.793
2024-00925,2024-12-12,Hualqui,furgon,12.74,27.09,3,9,1.0,2508.0,0.39
2024-00577,2024-12-12,Chiguayante,furgon,25.22,26.83,6,7,0.4978,7037.0,1.705
2024-00388,2024-12-12,Penco,furgon,21.4,10.14,4,7,0.8064,4576.0,1.117
2024-00694,2024-12-13,San Pedro de la Paz,moto,31.17,0.64,5,8,0.542,5557.0,1.256
2024-00908,2024-12-13,Talcahuano,moto,16.92,2.16,1,10,0.6939,3688.0,0.704
2024-00494,2024-12-14,Coronel,furgon,16.94,24.24,8,17,0.7522,5511.0,1.383
2024-00701,2024-12-14,Lota,moto,18.2,18.96,6,15,0.7094,3154.0,0.866
2024-00717,2024-12-14,Florida,camion_ligero,14.97,6.06,7,10,1.0,3451.0,0.776
2024-00692,2024-12-15,Santa Juana,moto,26.48,31.89,7,8,0.5535,2953.0,0.882
2024-00581,2024-12-15,Coronel,moto,36.53,26.15,8,12,0.7844,5267.0,1.216
2024-00942,2024-12-16,Lota,furgon,22.78,18.47,4,10,0.3867,6273.0,1.391
2024-00160,2024-12-16,Chiguayante,camion_ligero,21.57,25.37,7,16,0.6548,7752.0,1.617
2024-01091,2024-12-16,Coronel,furgon,27.19,19.66,5,11,0.6233,5655.0,1.364
2024-00317,2024-12-16,Coronel,moto,12.16,12.76,3,17,0.6695,3037.0,1.01
2024-01146,2024-12-17,Talcahuano,camion_ligero,18.94,11.73,1,13,0.4878,4853.0,1.097
2024-00699,2024-12-17,Talcahuano,camion_ligero,12.86,14.86,6,12,0.5506,3448.0,0.893
2024-00709,2024-12-17,Hualqui,camion_ligero,2.55,14.94,6,16,0.6683,1297.0,0.263
2024-00646,2024-12-18,Florida,moto,27.21,13.16,5,12,0.2258,6005.0,1.406
2024-00351,2024-12-18,Santa Juana,furgon,19.12,8.34,2,16,0.508,2791.0,0.651
2024-00503,2024-12-19,Hualpen,moto,15.24,21.35,1,7,0.6573,1714.0,0.566
2024-00930,2024-12-19,Chiguayante,furgon,9.89,56.79,4,17,0.5886,3929.0,1.036
2024-00928,2024-12-19,Hualqui,furgon,18.53,19.3,2,9,0.5592,4604.0,0.999
2024-01151,2024-12-19,Concepcion,furgon,22.55,57.47,8,10,0.3398,6162.0,1.575
2024-01058,2024-12-19,Penco,moto,17.79,2.01,4,17,0.5546,3809.0,0.755
2024-00600,2024-12-19,Hualqui,furgon,25.24,22.2,7,12,0.3046,6878.0,1.456
2024-00282,2024-12-19,Penco,furgon,19.84,42.95,5,15,0.4921,4517.0,1.254
2024-00774,2024-12-20,Tome,furgon,19.31,34.4,3,14,0.6112,4718.0,1.09
2024-00470,2024-12-20,Hualqui,furgon,28.72,44.11,7,14,0.537,6900.0,1.636
2024-01010,2024-12-21,Coronel,furgon,24.32,19.08,1,15,0.8299,4188.0,1.069
2024-00420,2024-12-21,Coronel,furgon,24.36,19.17,1,11,0.4878,3030.0,0.864
2024-00571,2024-12-21,San Pedro de la Paz,moto,19.87,39.63,8,15,0.5604,4176.0,1.081
2024-00907,2024-12-22,Santa Juana,moto,14.53,19.46,1,17,0.6757,4191.0,0.775
2024-00633,2024-12-22,Penco,furgon,23.96,2.8,5,14,0.7846,3824.0,0.765
2024-00720,2024-12-22,Talcahuano,furgon,20.83,17.54,6,6,0.4722,5595.0,1.266
2024-00138,2024-12-23,Talcahuano,moto,24.2,39.32,2,19,1.0,3652.0,0.956
2024-01198,2024-12-23,San Pedro de la Paz,furgon,10.46,3.2,2,10,0.7178,2544.0,0.58
2024-00084,2024-12-23,Chiguayante,camion_ligero,19.81,37.66,1,19,0.6755,5327.0,1.149
2024-00074,2024-12-23,Tome,camion_ligero,22.36,27.31,6,15,0.488,5724.0,1.256
2024-00823,2024-12-23,Tome,furgon,9.21,20.49,1,19,0.7499,2376.0,0.45
2024-00535,2024-12-24,Tome,furgon,21.71,13.89,3,6,0.6391,3659.0,1.011
2024-01072,2024-12-24,Florida,camion_ligero,24.01,5.63,7,16,0.6663,5108.0,1.353
2024-00022,2024-12-24,San Pedro de la Paz,camion_ligero,12.42,20.26,2,15,0.6895,3704.0,0.96
2024-01096,2024-12-24,Lota,furgon,21.11,17.07,6,11,0.6258,4312.0,1.114
2024-00625,2024-12-25,Talcahuano,moto,14.55,26.88,4,16,0.6346,3338.0,0.886
2024-00697,2024-12-25,Concepcion,moto,9.14,21.72,4,7,0.5016,3906.0,0.732
2024-00368,2024-12-25,Florida,moto,14.9,28.51,4,17,0.6566,3942.0,0.874
2024-00201,2024-12-26,Lota,furgon,10.12,14.68,5,13,0.7325,2620.0,0.661
2024-00222,2024-12-26,Florida,moto,14.8,17.36,4,6,0.7407,2563.0,0.507
2024-00242,2024-12-26,Chiguayante,furgon,13.88,1.95,1,10,0.6676,724.0,0.437
2024-01061,2024-12-26,Tome,moto,27.53,15.44,8,19,0.7018,5468.0,1.359
2024-01124,2024-12-26,Chiguayante,furgon,16.61,6.54,5,6,0.758,2793.0,0.853
2024-00814,2024-12-27,Tome,furgon,11.1,24.42,8,11,0.5733,5420.0,1.258
2024-00983,2024-12-27,Penco,moto,29.29,46.46,5,17,0.7418,6485.0,1.777
2024-00712,2024-12-28,Tome,furgon,12.71,43.5,1,11,0.521,2907.0,0.548
2024-00475,2024-12-28,Concepcion,moto,19.81,19.34,6,9,0.66,2147.0,0.327
2024-00119,2024-12-28,Coronel,moto,18.27,16.89,3,8,0.8186,3165.0,0.691
2024-00153,2024-12-28,Coronel,camion_ligero,22.44,7.76,4,9,0.6415,6635.0,1.486
2024-00627,2024-12-28,Hualqui,camion_ligero,21.17,17.68,4,6,0.6006,5698.0,1.109
2024-00590,2024-12-28,Coronel,moto,8.61,10.12,6,11,0.5113,1693.0,0.337
2024-01034,2024-12-29,Lota,furgon,12.54,18.07,7,9,0.4267,4808.0,1.039
2024-00188,2024-12-29,Talcahuano,moto,2.0,21.85,8,6,0.7614,2687.0,0.507
2024-01049,2024-12-30,San Pedro de la Paz,camion_ligero,2.0,11.03,1,7,0.5798,1975.0,0.33
2024-00086,2024-12-30,Talcahuano,moto,18.81,6.37,5,6,0.7979,3494.0,0.797
